{
  "version": "1.2.2",
  "manifest_version": 2,
  "name": "Black",
  "theme": {
    "colors": {
      "bookmark_text": [
        155,
        155,
        155
      ],
      "frame": [
        0,
        0,
        0
      ],
      "ntp_background": [
        25,
        25,
        25
      ],
      "ntp_text": [
        155,
        155,
        155
      ],
      "tab_background_text": [
        155,
        155,
        155
      ],
      "tab_background_text_inactive": [
        128,
        128,
        128
      ],
      "tab_background_text_incognito": [
        155,
        155,
        155
      ],
      "tab_background_text_incognito_inactive": [
        128,
        128,
        128
      ],
      "tab_text": [
        155,
        155,
        155
      ],
      "toolbar": [
        25,
        25,
        25
      ],
      "omnibox_text": [
        155,
        155,
        155
      ],
      "omnibox_background": [
        0,
        0,
        0
      ]
    },
    "tints": {
      "buttons": [
        0.5478723404255321,
        0.5,
        0.5
      ],
      "frame_inactive": [
        -1,
        -1,
        -1
      ],
      "frame_incognito": [
        0.6904761904761905,
        1,
        0.55
      ],
      "frame_incognito_inactive": [
        0.6904761904761905,
        1,
        0.55
      ]
    }
  }
}