2026-02-26 03:21:11,465 [DEBUG] [MainThread] [wifi_widget/wifi_managers.py:350]: Scanning for WiFi networks...
2026-02-26 05:05:55,794 [DEBUG] [MainThread] [systray_widget/systray.py:470]: Saving state to disk
2026-02-26 05:05:55,796 [DEBUG] [MainThread] [systray_widget/systray.py:474]: Saving state to C:\Users\ahmadinne\AppData\Local\YASB\systray_state_XILINXINCMIMONITOR5790020029475.json
2026-02-26 05:05:55,819 [DEBUG] [MainThread] [systray_widget/utils.py:97]: Destroying window 66408
2026-02-26 17:45:58,378 [INFO] [MainThread] [root/log.py:95]: YASB v1.9.0
2026-02-26 17:45:58,379 [INFO] [CLIPipeServer] [cli_server/cli_server.py:215]: CLI server started v1.1.6
2026-02-26 17:45:58,379 [INFO] [MainThread] [cli_server/cli_server.py:106]: Log pipe server started
2026-02-26 17:45:58,772 [DEBUG] [MainThread] [qasync._windows._EventPoller/_windows.py:215]: Starting (proactor: <_IocpProactor overlapped#=0 result#=0>)...
2026-02-26 17:45:58,774 [DEBUG] [Dummy-3] [qasync._windows._EventWorker/_windows.py:195]: Thread started
2026-02-26 17:46:00,065 [INFO] [MainThread] [root/service.py:52]: AudioOutputService starting...
2026-02-26 17:46:02,130 [INFO] [MainThread] [root/watcher.py:65]: Watching directory: c:\users\ahmadinne\.config\yasb
2026-02-26 17:46:02,130 [INFO] [MainThread] [root/watcher.py:65]: Watching directory: c:\users\ahmadinne\.config\yasb\menu
2026-02-26 17:46:02,131 [INFO] [MainThread] [root/watcher.py:104]: Created file watcher
2026-02-26 17:46:02,199 [INFO] [MainThread] [root/update_service.py:429]: Background update checker started
2026-02-26 17:46:02,272 [DEBUG] [MainThread] [systray_widget/systray.py:492]: Loading state from C:\Users\ahmadinne\AppData\Local\YASB\systray_state_XILINXINCMIMONITOR5790020029475.json
2026-02-26 17:46:02,298 [DEBUG] [SystrayMonitor] [systray_widget/systray.py:57]: Systray thread is starting...
2026-02-26 17:46:02,385 [DEBUG] [MainThread] [systray_widget/systray.py:243]: Systray thread started
2026-02-26 17:46:02,587 [DEBUG] [SystrayMonitor] [systray_widget/systray_monitor.py:168]: Adding TaskbandHWND prop to hwnd 66410
2026-02-26 17:46:02,600 [DEBUG] [SystrayMonitor] [systray_widget/systray_monitor.py:246]: Finding real tray hwnd
2026-02-26 17:46:02,601 [WARNING] [UpdateChecker] [root/update_service.py:296]: Network error checking for updates: [Errno 11001] getaddrinfo failed
2026-02-26 17:46:02,601 [WARNING] [UpdateChecker] [root/update_service.py:425]: Background update check failed: <urlopen error [Errno 11001] getaddrinfo failed>
2026-02-26 17:46:02,609 [DEBUG] [MainThread] [systray_widget/systray_monitor.py:160]: Sending TaskbarCreated message: 49273
2026-02-26 17:47:23,480 [DEBUG] [Thread-6] [root/watcher.py:90]: Config file modified: c:\users\ahmadinne\.config\yasb\config.yaml
2026-02-26 17:47:23,493 [INFO] [MainThread] [root/controller.py:15]: Reloading Application because of config change.
2026-02-26 17:47:23,601 [INFO] [MainThread] [cli_server/cli_server.py:114]: Log pipe server stopped
2026-02-26 17:47:23,601 [DEBUG] [MainThread] [cli_server/cli_server.py:209]: CLI server stopped
2026-02-26 17:47:23,607 [INFO] [MainThread] [root/bar_manager.py:79]: Successfully loaded updated config and re-initialised all bars.
2026-02-26 17:47:23,620 [DEBUG] [MainThread] [systray_widget/systray.py:470]: Saving state to disk
2026-02-26 17:47:23,621 [DEBUG] [MainThread] [systray_widget/systray.py:474]: Saving state to C:\Users\ahmadinne\AppData\Local\YASB\systray_state_XILINXINCMIMONITOR5790020029475.json
2026-02-26 17:47:23,622 [DEBUG] [MainThread] [systray_widget/utils.py:97]: Destroying window 66410
2026-02-26 17:47:23,623 [DEBUG] [MainThread] [systray_widget/utils.py:97]: Destroying window 66410
2026-02-26 17:47:23,966 [INFO] [MainThread] [root/log.py:95]: YASB v1.9.0
2026-02-26 17:47:23,967 [INFO] [CLIPipeServer] [cli_server/cli_server.py:215]: CLI server started v1.1.6
2026-02-26 17:47:23,967 [INFO] [MainThread] [cli_server/cli_server.py:106]: Log pipe server started
2026-02-26 17:47:23,982 [DEBUG] [MainThread] [qasync._windows._EventPoller/_windows.py:215]: Starting (proactor: <_IocpProactor overlapped#=0 result#=0>)...
2026-02-26 17:47:23,983 [DEBUG] [Dummy-3] [qasync._windows._EventWorker/_windows.py:195]: Thread started
2026-02-26 17:47:24,110 [INFO] [MainThread] [root/service.py:52]: AudioOutputService starting...
2026-02-26 17:47:24,475 [INFO] [MainThread] [root/watcher.py:65]: Watching directory: c:\users\ahmadinne\.config\yasb\menu
2026-02-26 17:47:24,475 [INFO] [MainThread] [root/watcher.py:65]: Watching directory: c:\users\ahmadinne\.config\yasb
2026-02-26 17:47:24,475 [INFO] [MainThread] [root/watcher.py:104]: Created file watcher
2026-02-26 17:47:24,490 [INFO] [MainThread] [root/update_service.py:429]: Background update checker started
2026-02-26 17:47:24,519 [DEBUG] [MainThread] [systray_widget/systray.py:492]: Loading state from C:\Users\ahmadinne\AppData\Local\YASB\systray_state_XILINXINCMIMONITOR5790020029475.json
2026-02-26 17:47:24,520 [DEBUG] [SystrayMonitor] [systray_widget/systray.py:57]: Systray thread is starting...
2026-02-26 17:47:24,532 [DEBUG] [MainThread] [systray_widget/systray.py:243]: Systray thread started
2026-02-26 17:47:24,733 [DEBUG] [SystrayMonitor] [systray_widget/systray_monitor.py:168]: Adding TaskbandHWND prop to hwnd 131926
2026-02-26 17:47:24,737 [DEBUG] [SystrayMonitor] [systray_widget/systray_monitor.py:246]: Finding real tray hwnd
2026-02-26 17:47:24,743 [DEBUG] [MainThread] [systray_widget/systray_monitor.py:160]: Sending TaskbarCreated message: 49273
2026-02-26 17:47:24,749 [WARNING] [UpdateChecker] [root/update_service.py:296]: Network error checking for updates: [Errno 11001] getaddrinfo failed
2026-02-26 17:47:24,749 [WARNING] [UpdateChecker] [root/update_service.py:425]: Background update check failed: <urlopen error [Errno 11001] getaddrinfo failed>
2026-02-26 17:47:27,519 [DEBUG] [Thread-6] [root/watcher.py:90]: Config file modified: c:\users\ahmadinne\.config\yasb\config.yaml
2026-02-26 17:47:46,606 [DEBUG] [MainThread] [wifi_widget/wifi_managers.py:350]: Scanning for WiFi networks...
2026-02-26 17:47:48,332 [DEBUG] [MainThread] [wifi_widget/wifi_managers.py:350]: Scanning for WiFi networks...
2026-02-26 17:47:50,155 [DEBUG] [MainThread] [wifi_widget/wifi_managers.py:350]: Scanning for WiFi networks...
2026-02-26 17:47:51,960 [DEBUG] [MainThread] [wifi_widget/wifi_widgets.py:543]: Connecting to wifi network...
2026-02-26 17:47:52,693 [DEBUG] [WiFiConnectWorker] [wifi_widget/wifi_widgets.py:599]: WiFi network disconnected
2026-02-26 17:47:53,173 [DEBUG] [WiFiConnectWorker] [wifi_widget/wifi_widgets.py:565]: Connection completed to wifi network
2026-02-27 00:11:34,434 [DEBUG] [WiFiConnectWorker] [wifi_widget/wifi_managers.py:350]: Scanning for WiFi networks...
2026-02-27 00:14:07,843 [DEBUG] [WiFiConnectWorker] [systray_widget/systray.py:470]: Saving state to disk
2026-02-27 00:14:07,845 [DEBUG] [WiFiConnectWorker] [systray_widget/systray.py:474]: Saving state to C:\Users\ahmadinne\AppData\Local\YASB\systray_state_XILINXINCMIMONITOR5790020029475.json
2026-02-27 00:14:07,868 [DEBUG] [WiFiConnectWorker] [systray_widget/utils.py:97]: Destroying window 131926
2026-02-27 04:01:33,052 [INFO] [MainThread] [root/log.py:95]: YASB v1.9.0
2026-02-27 04:01:33,072 [INFO] [CLIPipeServer] [cli_server/cli_server.py:215]: CLI server started v1.1.6
2026-02-27 04:01:33,073 [INFO] [MainThread] [cli_server/cli_server.py:106]: Log pipe server started
2026-02-27 04:01:33,533 [DEBUG] [MainThread] [qasync._windows._EventPoller/_windows.py:215]: Starting (proactor: <_IocpProactor overlapped#=0 result#=0>)...
2026-02-27 04:01:33,536 [DEBUG] [Dummy-3] [qasync._windows._EventWorker/_windows.py:195]: Thread started
2026-02-27 04:01:35,047 [INFO] [MainThread] [root/service.py:52]: AudioOutputService starting...
2026-02-27 04:01:39,263 [INFO] [MainThread] [root/watcher.py:65]: Watching directory: c:\users\ahmadinne\.config\yasb
2026-02-27 04:01:39,264 [INFO] [MainThread] [root/watcher.py:65]: Watching directory: c:\users\ahmadinne\.config\yasb\menu
2026-02-27 04:01:39,264 [INFO] [MainThread] [root/watcher.py:104]: Created file watcher
2026-02-27 04:01:40,331 [INFO] [MainThread] [root/update_service.py:429]: Background update checker started
2026-02-27 04:01:40,363 [DEBUG] [MainThread] [systray_widget/systray.py:492]: Loading state from C:\Users\ahmadinne\AppData\Local\YASB\systray_state_XILINXINCMIMONITOR5790020029475.json
2026-02-27 04:01:40,505 [DEBUG] [SystrayMonitor] [systray_widget/systray.py:57]: Systray thread is starting...
2026-02-27 04:01:41,047 [DEBUG] [MainThread] [systray_widget/systray.py:243]: Systray thread started
2026-02-27 04:01:41,210 [WARNING] [UpdateChecker] [root/update_service.py:296]: Network error checking for updates: [Errno 11001] getaddrinfo failed
2026-02-27 04:01:41,249 [WARNING] [UpdateChecker] [root/update_service.py:425]: Background update check failed: <urlopen error [Errno 11001] getaddrinfo failed>
2026-02-27 04:01:41,273 [DEBUG] [SystrayMonitor] [systray_widget/systray_monitor.py:168]: Adding TaskbandHWND prop to hwnd 66398
2026-02-27 04:01:41,353 [DEBUG] [SystrayMonitor] [systray_widget/systray_monitor.py:246]: Finding real tray hwnd
2026-02-27 04:01:41,366 [DEBUG] [MainThread] [systray_widget/systray_monitor.py:160]: Sending TaskbarCreated message: 49273
2026-02-27 04:01:44,304 [DEBUG] [MainThread] [wifi_widget/wifi_managers.py:350]: Scanning for WiFi networks...
2026-02-27 04:01:45,723 [DEBUG] [MainThread] [wifi_widget/wifi_managers.py:350]: Scanning for WiFi networks...
2026-02-27 04:01:47,357 [DEBUG] [MainThread] [wifi_widget/wifi_managers.py:350]: Scanning for WiFi networks...
2026-02-27 15:00:58,880 [DEBUG] [MainThread] [wifi_widget/wifi_managers.py:350]: Scanning for WiFi networks...
2026-02-27 15:16:09,577 [DEBUG] [MainThread] [wifi_widget/wifi_managers.py:350]: Scanning for WiFi networks...
2026-02-27 15:17:56,030 [DEBUG] [MainThread] [wifi_widget/wifi_managers.py:350]: Scanning for WiFi networks...
2026-02-27 15:17:58,691 [DEBUG] [MainThread] [wifi_widget/wifi_widgets.py:589]: Disconnecting from wifi network
2026-02-27 15:17:59,287 [DEBUG] [MainThread] [wifi_widget/wifi_widgets.py:599]: WiFi network disconnected
2026-02-27 15:20:08,641 [DEBUG] [MainThread] [wifi_widget/wifi_managers.py:350]: Scanning for WiFi networks...
2026-02-27 15:20:10,431 [DEBUG] [MainThread] [wifi_widget/wifi_widgets.py:543]: Connecting to wifi network...
2026-02-27 15:20:10,876 [DEBUG] [WiFiConnectWorker] [wifi_widget/wifi_widgets.py:565]: Connection completed to wifi network
2026-02-27 19:40:16,262 [DEBUG] [WiFiConnectWorker] [systray_widget/systray.py:470]: Saving state to disk
2026-02-27 19:40:16,265 [DEBUG] [WiFiConnectWorker] [systray_widget/systray.py:474]: Saving state to C:\Users\ahmadinne\AppData\Local\YASB\systray_state_XILINXINCMIMONITOR5790020029475.json
2026-02-27 19:40:16,268 [DEBUG] [WiFiConnectWorker] [systray_widget/utils.py:97]: Destroying window 66398
2026-02-27 20:19:01,020 [INFO] [MainThread] [root/log.py:95]: YASB v1.9.0
2026-02-27 20:19:01,042 [INFO] [CLIPipeServer] [cli_server/cli_server.py:215]: CLI server started v1.1.6
2026-02-27 20:19:01,042 [INFO] [MainThread] [cli_server/cli_server.py:106]: Log pipe server started
2026-02-27 20:19:01,293 [DEBUG] [MainThread] [qasync._windows._EventPoller/_windows.py:215]: Starting (proactor: <_IocpProactor overlapped#=0 result#=0>)...
2026-02-27 20:19:01,295 [DEBUG] [Dummy-3] [qasync._windows._EventWorker/_windows.py:195]: Thread started
2026-02-27 20:19:02,327 [INFO] [MainThread] [root/service.py:52]: AudioOutputService starting...
2026-02-27 20:19:04,166 [INFO] [MainThread] [root/watcher.py:65]: Watching directory: c:\users\ahmadinne\.config\yasb
2026-02-27 20:19:04,167 [INFO] [MainThread] [root/watcher.py:65]: Watching directory: c:\users\ahmadinne\.config\yasb\menu
2026-02-27 20:19:04,168 [INFO] [MainThread] [root/watcher.py:104]: Created file watcher
2026-02-27 20:19:04,247 [INFO] [MainThread] [root/update_service.py:429]: Background update checker started
2026-02-27 20:19:04,361 [DEBUG] [MainThread] [systray_widget/systray.py:492]: Loading state from C:\Users\ahmadinne\AppData\Local\YASB\systray_state_JDZDISPLAY1.json
2026-02-27 20:19:04,364 [DEBUG] [MainThread] [systray_widget/systray.py:502]: State file not found.
2026-02-27 20:19:04,366 [DEBUG] [SystrayMonitor] [systray_widget/systray.py:57]: Systray thread is starting...
2026-02-27 20:19:04,465 [DEBUG] [MainThread] [systray_widget/systray.py:243]: Systray thread started
2026-02-27 20:19:04,667 [DEBUG] [SystrayMonitor] [systray_widget/systray_monitor.py:168]: Adding TaskbandHWND prop to hwnd 66378
2026-02-27 20:19:04,677 [DEBUG] [SystrayMonitor] [systray_widget/systray_monitor.py:246]: Finding real tray hwnd
2026-02-27 20:19:04,686 [DEBUG] [MainThread] [systray_widget/systray_monitor.py:160]: Sending TaskbarCreated message: 49273
2026-02-27 20:19:04,752 [WARNING] [UpdateChecker] [root/update_service.py:296]: Network error checking for updates: [Errno 11001] getaddrinfo failed
2026-02-27 20:19:04,752 [WARNING] [UpdateChecker] [root/update_service.py:425]: Background update check failed: <urlopen error [Errno 11001] getaddrinfo failed>
2026-02-27 20:19:43,972 [DEBUG] [MainThread] [wifi_widget/wifi_managers.py:350]: Scanning for WiFi networks...
2026-02-27 20:26:54,038 [DEBUG] [MainThread] [wifi_widget/wifi_managers.py:350]: Scanning for WiFi networks...
2026-02-27 21:01:10,575 [DEBUG] [MainThread] [wifi_widget/wifi_managers.py:350]: Scanning for WiFi networks...
2026-02-27 21:01:19,385 [DEBUG] [MainThread] [wifi_widget/wifi_widgets.py:543]: Connecting to wifi network...
2026-02-27 21:01:19,736 [DEBUG] [WiFiConnectWorker] [wifi_widget/wifi_widgets.py:565]: Connection completed to wifi network
2026-02-27 21:01:23,704 [DEBUG] [WiFiConnectWorker] [wifi_widget/wifi_managers.py:350]: Scanning for WiFi networks...
2026-02-27 21:45:00,826 [DEBUG] [WiFiConnectWorker] [systray_widget/systray.py:470]: Saving state to disk
2026-02-27 21:45:00,828 [DEBUG] [WiFiConnectWorker] [systray_widget/systray.py:474]: Saving state to C:\Users\ahmadinne\AppData\Local\YASB\systray_state_JDZDISPLAY1.json
2026-02-27 21:45:00,828 [DEBUG] [WiFiConnectWorker] [systray_widget/systray.py:482]: State file not found.
2026-02-27 21:45:01,139 [DEBUG] [WiFiConnectWorker] [systray_widget/utils.py:97]: Destroying window 66378
2026-02-28 04:06:55,736 [INFO] [MainThread] [root/log.py:95]: YASB v1.9.0
2026-02-28 04:06:55,738 [INFO] [CLIPipeServer] [cli_server/cli_server.py:215]: CLI server started v1.1.6
2026-02-28 04:06:55,739 [INFO] [MainThread] [cli_server/cli_server.py:106]: Log pipe server started
2026-02-28 04:06:56,153 [DEBUG] [MainThread] [qasync._windows._EventPoller/_windows.py:215]: Starting (proactor: <_IocpProactor overlapped#=0 result#=0>)...
2026-02-28 04:06:56,156 [DEBUG] [Dummy-3] [qasync._windows._EventWorker/_windows.py:195]: Thread started
2026-02-28 04:06:57,714 [INFO] [MainThread] [root/service.py:52]: AudioOutputService starting...
2026-02-28 04:07:00,379 [INFO] [MainThread] [root/watcher.py:65]: Watching directory: c:\users\ahmadinne\.config\yasb\menu
2026-02-28 04:07:00,379 [INFO] [MainThread] [root/watcher.py:65]: Watching directory: c:\users\ahmadinne\.config\yasb
2026-02-28 04:07:00,380 [INFO] [MainThread] [root/watcher.py:104]: Created file watcher
2026-02-28 04:07:00,502 [INFO] [MainThread] [root/update_service.py:429]: Background update checker started
2026-02-28 04:07:00,578 [DEBUG] [MainThread] [systray_widget/systray.py:492]: Loading state from C:\Users\ahmadinne\AppData\Local\YASB\systray_state_XILINXINCMIMONITOR5790020029475.json
2026-02-28 04:07:00,696 [DEBUG] [SystrayMonitor] [systray_widget/systray.py:57]: Systray thread is starting...
2026-02-28 04:07:00,957 [DEBUG] [MainThread] [systray_widget/systray.py:243]: Systray thread started
2026-02-28 04:07:01,161 [DEBUG] [SystrayMonitor] [systray_widget/systray_monitor.py:168]: Adding TaskbandHWND prop to hwnd 327778
2026-02-28 04:07:01,179 [DEBUG] [SystrayMonitor] [systray_widget/systray_monitor.py:246]: Finding real tray hwnd
2026-02-28 04:07:01,226 [DEBUG] [MainThread] [systray_widget/systray_monitor.py:160]: Sending TaskbarCreated message: 49273
2026-02-28 04:07:01,869 [WARNING] [UpdateChecker] [root/update_service.py:296]: Network error checking for updates: [Errno 11001] getaddrinfo failed
2026-02-28 04:07:01,870 [WARNING] [UpdateChecker] [root/update_service.py:425]: Background update check failed: <urlopen error [Errno 11001] getaddrinfo failed>
2026-02-28 04:07:15,235 [DEBUG] [MainThread] [wifi_widget/wifi_managers.py:350]: Scanning for WiFi networks...
2026-02-28 04:07:19,148 [DEBUG] [MainThread] [wifi_widget/wifi_widgets.py:543]: Connecting to wifi network...
2026-02-28 04:07:24,600 [DEBUG] [WiFiConnectWorker] [wifi_widget/wifi_managers.py:350]: Scanning for WiFi networks...
2026-02-28 04:07:34,036 [DEBUG] [WiFiConnectWorker] [wifi_widget/wifi_managers.py:350]: Scanning for WiFi networks...
2026-02-28 04:07:34,086 [DEBUG] [WiFiConnectWorker] [wifi_widget/wifi_widgets.py:599]: WiFi network disconnected
2026-02-28 04:07:34,457 [DEBUG] [WiFiConnectWorker] [wifi_widget/wifi_widgets.py:565]: Connection completed to wifi network
2026-02-28 04:07:35,872 [DEBUG] [WiFiConnectWorker] [wifi_widget/wifi_managers.py:350]: Scanning for WiFi networks...
2026-02-28 04:07:37,513 [DEBUG] [WiFiConnectWorker] [wifi_widget/wifi_managers.py:350]: Scanning for WiFi networks...
2026-02-28 05:09:03,803 [DEBUG] [WiFiConnectWorker] [systray_widget/systray.py:470]: Saving state to disk
2026-02-28 05:09:03,806 [DEBUG] [WiFiConnectWorker] [systray_widget/systray.py:474]: Saving state to C:\Users\ahmadinne\AppData\Local\YASB\systray_state_XILINXINCMIMONITOR5790020029475.json
2026-02-28 05:09:03,829 [DEBUG] [WiFiConnectWorker] [systray_widget/utils.py:97]: Destroying window 327778
2026-02-28 13:31:50,035 [INFO] [MainThread] [root/log.py:95]: YASB v1.9.0
2026-02-28 13:31:50,051 [INFO] [CLIPipeServer] [cli_server/cli_server.py:215]: CLI server started v1.1.6
2026-02-28 13:31:50,052 [INFO] [MainThread] [cli_server/cli_server.py:106]: Log pipe server started
2026-02-28 13:31:50,377 [DEBUG] [MainThread] [qasync._windows._EventPoller/_windows.py:215]: Starting (proactor: <_IocpProactor overlapped#=0 result#=0>)...
2026-02-28 13:31:50,379 [DEBUG] [Dummy-3] [qasync._windows._EventWorker/_windows.py:195]: Thread started
2026-02-28 13:31:51,643 [INFO] [MainThread] [root/service.py:52]: AudioOutputService starting...
2026-02-28 13:31:54,397 [INFO] [MainThread] [root/watcher.py:65]: Watching directory: c:\users\ahmadinne\.config\yasb
2026-02-28 13:31:54,398 [INFO] [MainThread] [root/watcher.py:65]: Watching directory: c:\users\ahmadinne\.config\yasb\menu
2026-02-28 13:31:54,398 [INFO] [MainThread] [root/watcher.py:104]: Created file watcher
2026-02-28 13:31:54,475 [INFO] [MainThread] [root/update_service.py:429]: Background update checker started
2026-02-28 13:31:54,581 [DEBUG] [MainThread] [systray_widget/systray.py:492]: Loading state from C:\Users\ahmadinne\AppData\Local\YASB\systray_state_XILINXINCMIMONITOR5790020029475.json
2026-02-28 13:31:54,604 [DEBUG] [SystrayMonitor] [systray_widget/systray.py:57]: Systray thread is starting...
2026-02-28 13:31:54,758 [DEBUG] [MainThread] [systray_widget/systray.py:243]: Systray thread started
2026-02-28 13:31:54,959 [DEBUG] [SystrayMonitor] [systray_widget/systray_monitor.py:168]: Adding TaskbandHWND prop to hwnd 66386
2026-02-28 13:31:54,972 [DEBUG] [SystrayMonitor] [systray_widget/systray_monitor.py:246]: Finding real tray hwnd
2026-02-28 13:31:54,985 [DEBUG] [MainThread] [systray_widget/systray_monitor.py:160]: Sending TaskbarCreated message: 49273
2026-02-28 14:18:54,463 [INFO] [CLIPipeServer] [cli_server/cli_server.py:256]: CLI server received command: reload
2026-02-28 14:18:54,465 [INFO] [CLIPipeServer] [root/controller.py:15]: Reloading Application from CLI...
2026-02-28 14:18:54,572 [INFO] [CLIPipeServer] [cli_server/cli_server.py:114]: Log pipe server stopped
2026-02-28 14:18:54,572 [DEBUG] [CLIPipeServer] [cli_server/cli_server.py:209]: CLI server stopped
2026-02-28 14:18:54,600 [DEBUG] [MainThread] [systray_widget/systray.py:470]: Saving state to disk
2026-02-28 14:18:54,601 [DEBUG] [MainThread] [systray_widget/systray.py:474]: Saving state to C:\Users\ahmadinne\AppData\Local\YASB\systray_state_XILINXINCMIMONITOR5790020029475.json
2026-02-28 14:18:54,604 [DEBUG] [MainThread] [systray_widget/utils.py:97]: Destroying window 66386
2026-02-28 14:18:54,604 [DEBUG] [MainThread] [systray_widget/utils.py:97]: Destroying window 66386
2026-02-28 14:18:55,210 [INFO] [MainThread] [root/log.py:95]: YASB v1.9.0
2026-02-28 14:18:55,210 [INFO] [CLIPipeServer] [cli_server/cli_server.py:215]: CLI server started v1.1.6
2026-02-28 14:18:55,211 [INFO] [MainThread] [cli_server/cli_server.py:106]: Log pipe server started
2026-02-28 14:18:55,240 [DEBUG] [MainThread] [qasync._windows._EventPoller/_windows.py:215]: Starting (proactor: <_IocpProactor overlapped#=0 result#=0>)...
2026-02-28 14:18:55,241 [DEBUG] [Dummy-3] [qasync._windows._EventWorker/_windows.py:195]: Thread started
2026-02-28 14:18:55,449 [INFO] [MainThread] [root/service.py:52]: AudioOutputService starting...
2026-02-28 14:18:56,370 [INFO] [MainThread] [root/watcher.py:65]: Watching directory: c:\users\ahmadinne\.config\yasb
2026-02-28 14:18:56,370 [INFO] [MainThread] [root/watcher.py:65]: Watching directory: c:\users\ahmadinne\.config\yasb\menu
2026-02-28 14:18:56,370 [INFO] [MainThread] [root/watcher.py:104]: Created file watcher
2026-02-28 14:18:56,398 [INFO] [MainThread] [root/update_service.py:429]: Background update checker started
2026-02-28 14:18:56,425 [DEBUG] [MainThread] [systray_widget/systray.py:492]: Loading state from C:\Users\ahmadinne\AppData\Local\YASB\systray_state_XILINXINCMIMONITOR5790020029475.json
2026-02-28 14:18:56,426 [DEBUG] [SystrayMonitor] [systray_widget/systray.py:57]: Systray thread is starting...
2026-02-28 14:18:56,446 [DEBUG] [MainThread] [systray_widget/systray.py:243]: Systray thread started
2026-02-28 14:18:56,648 [DEBUG] [SystrayMonitor] [systray_widget/systray_monitor.py:168]: Adding TaskbandHWND prop to hwnd 131910
2026-02-28 14:18:56,652 [DEBUG] [SystrayMonitor] [systray_widget/systray_monitor.py:246]: Finding real tray hwnd
2026-02-28 14:18:56,659 [DEBUG] [MainThread] [systray_widget/systray_monitor.py:160]: Sending TaskbarCreated message: 49273
2026-02-28 17:36:44,616 [INFO] [CLIPipeServer] [cli_server/cli_server.py:256]: CLI server received command: reload
2026-02-28 17:36:44,617 [INFO] [CLIPipeServer] [root/controller.py:15]: Reloading Application from CLI...
2026-02-28 17:36:44,727 [INFO] [CLIPipeServer] [cli_server/cli_server.py:114]: Log pipe server stopped
2026-02-28 17:36:44,727 [DEBUG] [CLIPipeServer] [cli_server/cli_server.py:209]: CLI server stopped
2026-02-28 17:36:44,763 [DEBUG] [MainThread] [systray_widget/systray.py:470]: Saving state to disk
2026-02-28 17:36:44,764 [DEBUG] [MainThread] [systray_widget/systray.py:474]: Saving state to C:\Users\ahmadinne\AppData\Local\YASB\systray_state_XILINXINCMIMONITOR5790020029475.json
2026-02-28 17:36:44,781 [DEBUG] [MainThread] [systray_widget/utils.py:97]: Destroying window 131910
2026-02-28 17:36:44,781 [DEBUG] [MainThread] [systray_widget/utils.py:97]: Destroying window 131910
2026-02-28 17:36:45,364 [INFO] [MainThread] [root/log.py:95]: YASB v1.9.0
2026-02-28 17:36:45,364 [INFO] [CLIPipeServer] [cli_server/cli_server.py:215]: CLI server started v1.1.6
2026-02-28 17:36:45,365 [INFO] [MainThread] [cli_server/cli_server.py:106]: Log pipe server started
2026-02-28 17:36:45,548 [DEBUG] [MainThread] [qasync._windows._EventPoller/_windows.py:215]: Starting (proactor: <_IocpProactor overlapped#=0 result#=0>)...
2026-02-28 17:36:45,550 [DEBUG] [Dummy-3] [qasync._windows._EventWorker/_windows.py:195]: Thread started
2026-02-28 17:36:45,947 [INFO] [MainThread] [root/service.py:52]: AudioOutputService starting...
2026-02-28 17:36:47,061 [INFO] [MainThread] [root/watcher.py:65]: Watching directory: c:\users\ahmadinne\.config\yasb\menu
2026-02-28 17:36:47,062 [INFO] [MainThread] [root/watcher.py:65]: Watching directory: c:\users\ahmadinne\.config\yasb
2026-02-28 17:36:47,062 [INFO] [MainThread] [root/watcher.py:104]: Created file watcher
2026-02-28 17:36:47,148 [INFO] [MainThread] [root/update_service.py:429]: Background update checker started
2026-02-28 17:36:47,196 [DEBUG] [MainThread] [systray_widget/systray.py:492]: Loading state from C:\Users\ahmadinne\AppData\Local\YASB\systray_state_XILINXINCMIMONITOR5790020029475.json
2026-02-28 17:36:47,200 [DEBUG] [SystrayMonitor] [systray_widget/systray.py:57]: Systray thread is starting...
2026-02-28 17:36:47,285 [DEBUG] [MainThread] [systray_widget/systray.py:243]: Systray thread started
2026-02-28 17:36:47,486 [DEBUG] [SystrayMonitor] [systray_widget/systray_monitor.py:168]: Adding TaskbandHWND prop to hwnd 2622826
2026-02-28 17:36:47,490 [DEBUG] [SystrayMonitor] [systray_widget/systray_monitor.py:246]: Finding real tray hwnd
2026-02-28 17:36:47,498 [DEBUG] [MainThread] [systray_widget/systray_monitor.py:160]: Sending TaskbarCreated message: 49273
2026-02-28 20:12:45,815 [INFO] [CLIPipeServer] [cli_server/cli_server.py:256]: CLI server received command: reload
2026-02-28 20:12:45,816 [INFO] [CLIPipeServer] [root/controller.py:15]: Reloading Application from CLI...
2026-02-28 20:12:45,928 [INFO] [CLIPipeServer] [cli_server/cli_server.py:114]: Log pipe server stopped
2026-02-28 20:12:45,929 [DEBUG] [CLIPipeServer] [cli_server/cli_server.py:209]: CLI server stopped
2026-02-28 20:12:45,950 [DEBUG] [MainThread] [systray_widget/systray.py:470]: Saving state to disk
2026-02-28 20:12:45,951 [DEBUG] [MainThread] [systray_widget/systray.py:474]: Saving state to C:\Users\ahmadinne\AppData\Local\YASB\systray_state_XILINXINCMIMONITOR5790020029475.json
2026-02-28 20:12:45,952 [DEBUG] [MainThread] [systray_widget/utils.py:97]: Destroying window 2622826
2026-02-28 20:12:45,953 [DEBUG] [MainThread] [systray_widget/utils.py:97]: Destroying window 2622826
2026-02-28 20:12:46,327 [INFO] [MainThread] [root/log.py:95]: YASB v1.9.0
2026-02-28 20:12:46,328 [INFO] [CLIPipeServer] [cli_server/cli_server.py:215]: CLI server started v1.1.6
2026-02-28 20:12:46,328 [INFO] [MainThread] [cli_server/cli_server.py:106]: Log pipe server started
2026-02-28 20:12:46,350 [DEBUG] [MainThread] [qasync._windows._EventPoller/_windows.py:215]: Starting (proactor: <_IocpProactor overlapped#=0 result#=0>)...
2026-02-28 20:12:46,351 [DEBUG] [Dummy-3] [qasync._windows._EventWorker/_windows.py:195]: Thread started
2026-02-28 20:12:46,486 [INFO] [MainThread] [root/service.py:52]: AudioOutputService starting...
2026-02-28 20:12:46,845 [INFO] [MainThread] [root/watcher.py:65]: Watching directory: c:\users\ahmadinne\.config\yasb
2026-02-28 20:12:46,845 [INFO] [MainThread] [root/watcher.py:65]: Watching directory: c:\users\ahmadinne\.config\yasb\menu
2026-02-28 20:12:46,845 [INFO] [MainThread] [root/watcher.py:104]: Created file watcher
2026-02-28 20:12:46,865 [INFO] [MainThread] [root/update_service.py:429]: Background update checker started
2026-02-28 20:12:46,905 [DEBUG] [MainThread] [systray_widget/systray.py:492]: Loading state from C:\Users\ahmadinne\AppData\Local\YASB\systray_state_XILINXINCMIMONITOR5790020029475.json
2026-02-28 20:12:46,909 [DEBUG] [SystrayMonitor] [systray_widget/systray.py:57]: Systray thread is starting...
2026-02-28 20:12:46,928 [DEBUG] [MainThread] [systray_widget/systray.py:243]: Systray thread started
2026-02-28 20:12:47,129 [DEBUG] [SystrayMonitor] [systray_widget/systray_monitor.py:168]: Adding TaskbandHWND prop to hwnd 264060
2026-02-28 20:12:47,132 [DEBUG] [SystrayMonitor] [systray_widget/systray_monitor.py:246]: Finding real tray hwnd
2026-02-28 20:12:47,137 [DEBUG] [MainThread] [systray_widget/systray_monitor.py:160]: Sending TaskbarCreated message: 49273
2026-02-28 20:13:01,549 [INFO] [CLIPipeServer] [cli_server/cli_server.py:256]: CLI server received command: reload
2026-02-28 20:13:01,549 [INFO] [CLIPipeServer] [root/controller.py:15]: Reloading Application from CLI...
2026-02-28 20:13:01,663 [INFO] [CLIPipeServer] [cli_server/cli_server.py:114]: Log pipe server stopped
2026-02-28 20:13:01,663 [DEBUG] [CLIPipeServer] [cli_server/cli_server.py:209]: CLI server stopped
2026-02-28 20:13:01,686 [DEBUG] [MainThread] [systray_widget/systray.py:470]: Saving state to disk
2026-02-28 20:13:01,687 [DEBUG] [MainThread] [systray_widget/systray.py:474]: Saving state to C:\Users\ahmadinne\AppData\Local\YASB\systray_state_XILINXINCMIMONITOR5790020029475.json
2026-02-28 20:13:01,688 [DEBUG] [MainThread] [systray_widget/utils.py:97]: Destroying window 264060
2026-02-28 20:13:01,689 [DEBUG] [MainThread] [systray_widget/utils.py:97]: Destroying window 264060
2026-02-28 20:13:02,063 [INFO] [MainThread] [root/log.py:95]: YASB v1.9.0
2026-02-28 20:13:02,064 [INFO] [CLIPipeServer] [cli_server/cli_server.py:215]: CLI server started v1.1.6
2026-02-28 20:13:02,064 [INFO] [MainThread] [cli_server/cli_server.py:106]: Log pipe server started
2026-02-28 20:13:02,085 [DEBUG] [MainThread] [qasync._windows._EventPoller/_windows.py:215]: Starting (proactor: <_IocpProactor overlapped#=0 result#=0>)...
2026-02-28 20:13:02,087 [DEBUG] [Dummy-3] [qasync._windows._EventWorker/_windows.py:195]: Thread started
2026-02-28 20:13:02,220 [INFO] [MainThread] [root/service.py:52]: AudioOutputService starting...
2026-02-28 20:13:02,582 [INFO] [MainThread] [root/watcher.py:65]: Watching directory: c:\users\ahmadinne\.config\yasb
2026-02-28 20:13:02,582 [INFO] [MainThread] [root/watcher.py:65]: Watching directory: c:\users\ahmadinne\.config\yasb\menu
2026-02-28 20:13:02,582 [INFO] [MainThread] [root/watcher.py:104]: Created file watcher
2026-02-28 20:13:02,601 [INFO] [MainThread] [root/update_service.py:429]: Background update checker started
2026-02-28 20:13:02,614 [DEBUG] [MainThread] [systray_widget/systray.py:492]: Loading state from C:\Users\ahmadinne\AppData\Local\YASB\systray_state_XILINXINCMIMONITOR5790020029475.json
2026-02-28 20:13:02,617 [DEBUG] [SystrayMonitor] [systray_widget/systray.py:57]: Systray thread is starting...
2026-02-28 20:13:02,627 [DEBUG] [MainThread] [systray_widget/systray.py:243]: Systray thread started
2026-02-28 20:13:02,828 [DEBUG] [SystrayMonitor] [systray_widget/systray_monitor.py:168]: Adding TaskbandHWND prop to hwnd 458896
2026-02-28 20:13:02,831 [DEBUG] [SystrayMonitor] [systray_widget/systray_monitor.py:246]: Finding real tray hwnd
2026-02-28 20:13:02,838 [DEBUG] [MainThread] [systray_widget/systray_monitor.py:160]: Sending TaskbarCreated message: 49273
2026-02-28 20:13:18,662 [DEBUG] [MainThread] [systray_widget/systray.py:470]: Saving state to disk
2026-02-28 20:13:18,663 [DEBUG] [MainThread] [systray_widget/systray.py:474]: Saving state to C:\Users\ahmadinne\AppData\Local\YASB\systray_state_XILINXINCMIMONITOR5790020029475.json
2026-02-28 20:13:18,664 [DEBUG] [MainThread] [systray_widget/utils.py:97]: Destroying window 458896
2026-02-28 20:14:11,501 [INFO] [MainThread] [root/log.py:95]: YASB v1.9.0
2026-02-28 20:14:11,503 [INFO] [CLIPipeServer] [cli_server/cli_server.py:215]: CLI server started v1.1.6
2026-02-28 20:14:11,504 [INFO] [MainThread] [cli_server/cli_server.py:106]: Log pipe server started
2026-02-28 20:14:11,986 [DEBUG] [MainThread] [qasync._windows._EventPoller/_windows.py:215]: Starting (proactor: <_IocpProactor overlapped#=0 result#=0>)...
2026-02-28 20:14:11,989 [DEBUG] [Dummy-3] [qasync._windows._EventWorker/_windows.py:195]: Thread started
2026-02-28 20:14:13,661 [INFO] [MainThread] [root/service.py:52]: AudioOutputService starting...
2026-02-28 20:14:17,028 [INFO] [MainThread] [root/watcher.py:65]: Watching directory: c:\users\ahmadinne\.config\yasb\menu
2026-02-28 20:14:17,029 [INFO] [MainThread] [root/watcher.py:65]: Watching directory: c:\users\ahmadinne\.config\yasb
2026-02-28 20:14:17,030 [INFO] [MainThread] [root/watcher.py:104]: Created file watcher
2026-02-28 20:14:17,248 [INFO] [MainThread] [root/update_service.py:429]: Background update checker started
2026-02-28 20:14:17,498 [DEBUG] [MainThread] [systray_widget/systray.py:492]: Loading state from C:\Users\ahmadinne\AppData\Local\YASB\systray_state_XILINXINCMIMONITOR5790020029475.json
2026-02-28 20:14:17,536 [DEBUG] [SystrayMonitor] [systray_widget/systray.py:57]: Systray thread is starting...
2026-02-28 20:14:17,649 [DEBUG] [MainThread] [systray_widget/systray.py:243]: Systray thread started
2026-02-28 20:14:17,865 [DEBUG] [SystrayMonitor] [systray_widget/systray_monitor.py:168]: Adding TaskbandHWND prop to hwnd 66418
2026-02-28 20:14:17,878 [DEBUG] [SystrayMonitor] [systray_widget/systray_monitor.py:246]: Finding real tray hwnd
2026-02-28 20:14:17,888 [DEBUG] [MainThread] [systray_widget/systray_monitor.py:160]: Sending TaskbarCreated message: 49249
2026-02-28 20:15:19,403 [INFO] [CLIPipeServer] [cli_server/cli_server.py:256]: CLI server received command: reload
2026-02-28 20:15:19,404 [INFO] [CLIPipeServer] [root/controller.py:15]: Reloading Application from CLI...
2026-02-28 20:15:19,507 [INFO] [CLIPipeServer] [cli_server/cli_server.py:114]: Log pipe server stopped
2026-02-28 20:15:19,507 [DEBUG] [CLIPipeServer] [cli_server/cli_server.py:209]: CLI server stopped
2026-02-28 20:15:19,615 [DEBUG] [MainThread] [systray_widget/systray.py:470]: Saving state to disk
2026-02-28 20:15:19,615 [DEBUG] [MainThread] [systray_widget/systray.py:474]: Saving state to C:\Users\ahmadinne\AppData\Local\YASB\systray_state_XILINXINCMIMONITOR5790020029475.json
2026-02-28 20:15:19,617 [DEBUG] [MainThread] [systray_widget/utils.py:97]: Destroying window 66418
2026-02-28 20:15:19,617 [DEBUG] [MainThread] [systray_widget/utils.py:97]: Destroying window 66418
2026-02-28 20:15:20,287 [INFO] [MainThread] [root/log.py:95]: YASB v1.9.0
2026-02-28 20:15:20,288 [INFO] [CLIPipeServer] [cli_server/cli_server.py:215]: CLI server started v1.1.6
2026-02-28 20:15:20,288 [INFO] [MainThread] [cli_server/cli_server.py:106]: Log pipe server started
2026-02-28 20:15:20,547 [DEBUG] [MainThread] [qasync._windows._EventPoller/_windows.py:215]: Starting (proactor: <_IocpProactor overlapped#=0 result#=0>)...
2026-02-28 20:15:20,547 [DEBUG] [Dummy-3] [qasync._windows._EventWorker/_windows.py:195]: Thread started
2026-02-28 20:15:20,988 [INFO] [MainThread] [root/service.py:52]: AudioOutputService starting...
2026-02-28 20:15:21,623 [INFO] [MainThread] [root/watcher.py:65]: Watching directory: c:\users\ahmadinne\.config\yasb\menu
2026-02-28 20:15:21,623 [INFO] [MainThread] [root/watcher.py:65]: Watching directory: c:\users\ahmadinne\.config\yasb
2026-02-28 20:15:21,623 [INFO] [MainThread] [root/watcher.py:104]: Created file watcher
2026-02-28 20:15:21,643 [INFO] [MainThread] [root/update_service.py:429]: Background update checker started
2026-02-28 20:15:21,660 [DEBUG] [MainThread] [systray_widget/systray.py:492]: Loading state from C:\Users\ahmadinne\AppData\Local\YASB\systray_state_XILINXINCMIMONITOR5790020029475.json
2026-02-28 20:15:21,662 [DEBUG] [SystrayMonitor] [systray_widget/systray.py:57]: Systray thread is starting...
2026-02-28 20:15:21,675 [DEBUG] [MainThread] [systray_widget/systray.py:243]: Systray thread started
2026-02-28 20:15:21,876 [DEBUG] [SystrayMonitor] [systray_widget/systray_monitor.py:168]: Adding TaskbandHWND prop to hwnd 131942
2026-02-28 20:15:21,881 [DEBUG] [SystrayMonitor] [systray_widget/systray_monitor.py:246]: Finding real tray hwnd
2026-02-28 20:15:21,886 [DEBUG] [MainThread] [systray_widget/systray_monitor.py:160]: Sending TaskbarCreated message: 49249
2026-02-28 20:15:47,186 [INFO] [CLIPipeServer] [cli_server/cli_server.py:256]: CLI server received command: reload
2026-02-28 20:15:47,187 [INFO] [CLIPipeServer] [root/controller.py:15]: Reloading Application from CLI...
2026-02-28 20:15:47,293 [INFO] [CLIPipeServer] [cli_server/cli_server.py:114]: Log pipe server stopped
2026-02-28 20:15:47,293 [DEBUG] [CLIPipeServer] [cli_server/cli_server.py:209]: CLI server stopped
2026-02-28 20:15:47,313 [DEBUG] [MainThread] [systray_widget/systray.py:470]: Saving state to disk
2026-02-28 20:15:47,314 [DEBUG] [MainThread] [systray_widget/systray.py:474]: Saving state to C:\Users\ahmadinne\AppData\Local\YASB\systray_state_XILINXINCMIMONITOR5790020029475.json
2026-02-28 20:15:47,315 [DEBUG] [MainThread] [systray_widget/utils.py:97]: Destroying window 131942
2026-02-28 20:15:47,315 [DEBUG] [MainThread] [systray_widget/utils.py:97]: Destroying window 131942
2026-02-28 20:15:47,659 [INFO] [MainThread] [root/log.py:95]: YASB v1.9.0
2026-02-28 20:15:47,660 [INFO] [CLIPipeServer] [cli_server/cli_server.py:215]: CLI server started v1.1.6
2026-02-28 20:15:47,660 [INFO] [MainThread] [cli_server/cli_server.py:106]: Log pipe server started
2026-02-28 20:15:47,676 [DEBUG] [MainThread] [qasync._windows._EventPoller/_windows.py:215]: Starting (proactor: <_IocpProactor overlapped#=0 result#=0>)...
2026-02-28 20:15:47,677 [DEBUG] [Dummy-3] [qasync._windows._EventWorker/_windows.py:195]: Thread started
2026-02-28 20:15:47,801 [INFO] [MainThread] [root/service.py:52]: AudioOutputService starting...
2026-02-28 20:15:48,270 [INFO] [MainThread] [root/watcher.py:65]: Watching directory: c:\users\ahmadinne\.config\yasb\menu
2026-02-28 20:15:48,270 [INFO] [MainThread] [root/watcher.py:65]: Watching directory: c:\users\ahmadinne\.config\yasb
2026-02-28 20:15:48,270 [INFO] [MainThread] [root/watcher.py:104]: Created file watcher
2026-02-28 20:15:48,286 [INFO] [MainThread] [root/update_service.py:429]: Background update checker started
2026-02-28 20:15:48,302 [DEBUG] [MainThread] [systray_widget/systray.py:492]: Loading state from C:\Users\ahmadinne\AppData\Local\YASB\systray_state_XILINXINCMIMONITOR5790020029475.json
2026-02-28 20:15:48,304 [DEBUG] [SystrayMonitor] [systray_widget/systray.py:57]: Systray thread is starting...
2026-02-28 20:15:48,319 [DEBUG] [MainThread] [systray_widget/systray.py:243]: Systray thread started
2026-02-28 20:15:48,521 [DEBUG] [SystrayMonitor] [systray_widget/systray_monitor.py:168]: Adding TaskbandHWND prop to hwnd 459756
2026-02-28 20:15:48,527 [DEBUG] [SystrayMonitor] [systray_widget/systray_monitor.py:246]: Finding real tray hwnd
2026-02-28 20:15:48,534 [DEBUG] [MainThread] [systray_widget/systray_monitor.py:160]: Sending TaskbarCreated message: 49249
2026-02-28 23:06:50,668 [INFO] [CLIPipeServer] [cli_server/cli_server.py:256]: CLI server received command: reload
2026-02-28 23:06:50,669 [INFO] [CLIPipeServer] [root/controller.py:15]: Reloading Application from CLI...
2026-02-28 23:06:50,785 [INFO] [CLIPipeServer] [cli_server/cli_server.py:114]: Log pipe server stopped
2026-02-28 23:06:50,785 [DEBUG] [CLIPipeServer] [cli_server/cli_server.py:209]: CLI server stopped
2026-02-28 23:06:50,813 [DEBUG] [MainThread] [systray_widget/systray.py:470]: Saving state to disk
2026-02-28 23:06:50,814 [DEBUG] [MainThread] [systray_widget/systray.py:474]: Saving state to C:\Users\ahmadinne\AppData\Local\YASB\systray_state_XILINXINCMIMONITOR5790020029475.json
2026-02-28 23:06:50,827 [DEBUG] [MainThread] [systray_widget/utils.py:97]: Destroying window 459756
2026-02-28 23:06:50,828 [DEBUG] [MainThread] [systray_widget/utils.py:97]: Destroying window 459756
2026-02-28 23:06:51,356 [INFO] [MainThread] [root/log.py:95]: YASB v1.9.0
2026-02-28 23:06:51,357 [INFO] [CLIPipeServer] [cli_server/cli_server.py:215]: CLI server started v1.1.6
2026-02-28 23:06:51,357 [INFO] [MainThread] [cli_server/cli_server.py:106]: Log pipe server started
2026-02-28 23:06:51,490 [DEBUG] [MainThread] [qasync._windows._EventPoller/_windows.py:215]: Starting (proactor: <_IocpProactor overlapped#=0 result#=0>)...
2026-02-28 23:06:51,491 [DEBUG] [Dummy-3] [qasync._windows._EventWorker/_windows.py:195]: Thread started
2026-02-28 23:06:51,937 [INFO] [MainThread] [root/service.py:52]: AudioOutputService starting...
2026-02-28 23:06:52,743 [INFO] [MainThread] [root/watcher.py:65]: Watching directory: c:\users\ahmadinne\.config\yasb
2026-02-28 23:06:52,744 [INFO] [MainThread] [root/watcher.py:65]: Watching directory: c:\users\ahmadinne\.config\yasb\menu
2026-02-28 23:06:52,744 [INFO] [MainThread] [root/watcher.py:104]: Created file watcher
2026-02-28 23:06:52,790 [INFO] [MainThread] [root/update_service.py:429]: Background update checker started
2026-02-28 23:06:52,828 [DEBUG] [MainThread] [systray_widget/systray.py:492]: Loading state from C:\Users\ahmadinne\AppData\Local\YASB\systray_state_XILINXINCMIMONITOR5790020029475.json
2026-02-28 23:06:52,831 [DEBUG] [SystrayMonitor] [systray_widget/systray.py:57]: Systray thread is starting...
2026-02-28 23:06:52,895 [DEBUG] [MainThread] [systray_widget/systray.py:243]: Systray thread started
2026-02-28 23:06:53,097 [DEBUG] [SystrayMonitor] [systray_widget/systray_monitor.py:168]: Adding TaskbandHWND prop to hwnd 263024
2026-02-28 23:06:53,103 [DEBUG] [SystrayMonitor] [systray_widget/systray_monitor.py:246]: Finding real tray hwnd
2026-02-28 23:06:53,113 [DEBUG] [MainThread] [systray_widget/systray_monitor.py:160]: Sending TaskbarCreated message: 49249
2026-02-28 23:08:41,860 [INFO] [CLIPipeServer] [cli_server/cli_server.py:256]: CLI server received command: reload
2026-02-28 23:08:41,860 [INFO] [CLIPipeServer] [root/controller.py:15]: Reloading Application from CLI...
2026-02-28 23:08:41,961 [INFO] [CLIPipeServer] [cli_server/cli_server.py:114]: Log pipe server stopped
2026-02-28 23:08:41,961 [DEBUG] [CLIPipeServer] [cli_server/cli_server.py:209]: CLI server stopped
2026-02-28 23:08:41,981 [DEBUG] [MainThread] [systray_widget/systray.py:470]: Saving state to disk
2026-02-28 23:08:41,981 [DEBUG] [MainThread] [systray_widget/systray.py:474]: Saving state to C:\Users\ahmadinne\AppData\Local\YASB\systray_state_XILINXINCMIMONITOR5790020029475.json
2026-02-28 23:08:41,982 [DEBUG] [MainThread] [systray_widget/utils.py:97]: Destroying window 263024
2026-02-28 23:08:41,983 [DEBUG] [MainThread] [systray_widget/utils.py:97]: Destroying window 263024
2026-02-28 23:08:42,366 [INFO] [MainThread] [root/log.py:95]: YASB v1.9.0
2026-02-28 23:08:42,367 [INFO] [CLIPipeServer] [cli_server/cli_server.py:215]: CLI server started v1.1.6
2026-02-28 23:08:42,367 [INFO] [MainThread] [cli_server/cli_server.py:106]: Log pipe server started
2026-02-28 23:08:42,384 [DEBUG] [MainThread] [qasync._windows._EventPoller/_windows.py:215]: Starting (proactor: <_IocpProactor overlapped#=0 result#=0>)...
2026-02-28 23:08:42,385 [DEBUG] [Dummy-3] [qasync._windows._EventWorker/_windows.py:195]: Thread started
2026-02-28 23:08:42,517 [INFO] [MainThread] [root/service.py:52]: AudioOutputService starting...
2026-02-28 23:08:42,828 [INFO] [MainThread] [root/watcher.py:65]: Watching directory: c:\users\ahmadinne\.config\yasb
2026-02-28 23:08:42,828 [INFO] [MainThread] [root/watcher.py:65]: Watching directory: c:\users\ahmadinne\.config\yasb\menu
2026-02-28 23:08:42,828 [INFO] [MainThread] [root/watcher.py:104]: Created file watcher
2026-02-28 23:08:42,844 [INFO] [MainThread] [root/update_service.py:429]: Background update checker started
2026-02-28 23:08:42,858 [DEBUG] [MainThread] [systray_widget/systray.py:492]: Loading state from C:\Users\ahmadinne\AppData\Local\YASB\systray_state_XILINXINCMIMONITOR5790020029475.json
2026-02-28 23:08:42,861 [DEBUG] [SystrayMonitor] [systray_widget/systray.py:57]: Systray thread is starting...
2026-02-28 23:08:42,872 [DEBUG] [MainThread] [systray_widget/systray.py:243]: Systray thread started
2026-02-28 23:08:43,073 [DEBUG] [SystrayMonitor] [systray_widget/systray_monitor.py:168]: Adding TaskbandHWND prop to hwnd 590706
2026-02-28 23:08:43,076 [DEBUG] [SystrayMonitor] [systray_widget/systray_monitor.py:246]: Finding real tray hwnd
2026-02-28 23:08:43,080 [DEBUG] [MainThread] [systray_widget/systray_monitor.py:160]: Sending TaskbarCreated message: 49249
2026-02-28 23:11:59,769 [INFO] [CLIPipeServer] [cli_server/cli_server.py:256]: CLI server received command: reload
2026-02-28 23:11:59,770 [INFO] [CLIPipeServer] [root/controller.py:15]: Reloading Application from CLI...
2026-02-28 23:11:59,876 [INFO] [CLIPipeServer] [cli_server/cli_server.py:114]: Log pipe server stopped
2026-02-28 23:11:59,877 [DEBUG] [CLIPipeServer] [cli_server/cli_server.py:209]: CLI server stopped
2026-02-28 23:11:59,899 [DEBUG] [MainThread] [systray_widget/systray.py:470]: Saving state to disk
2026-02-28 23:11:59,900 [DEBUG] [MainThread] [systray_widget/systray.py:474]: Saving state to C:\Users\ahmadinne\AppData\Local\YASB\systray_state_XILINXINCMIMONITOR5790020029475.json
2026-02-28 23:11:59,901 [DEBUG] [MainThread] [systray_widget/utils.py:97]: Destroying window 590706
2026-02-28 23:11:59,901 [DEBUG] [MainThread] [systray_widget/utils.py:97]: Destroying window 590706
2026-02-28 23:12:00,276 [INFO] [MainThread] [root/log.py:95]: YASB v1.9.0
2026-02-28 23:12:00,277 [INFO] [CLIPipeServer] [cli_server/cli_server.py:215]: CLI server started v1.1.6
2026-02-28 23:12:00,277 [INFO] [MainThread] [cli_server/cli_server.py:106]: Log pipe server started
2026-02-28 23:12:00,294 [DEBUG] [MainThread] [qasync._windows._EventPoller/_windows.py:215]: Starting (proactor: <_IocpProactor overlapped#=0 result#=0>)...
2026-02-28 23:12:00,295 [DEBUG] [Dummy-3] [qasync._windows._EventWorker/_windows.py:195]: Thread started
2026-02-28 23:12:00,436 [INFO] [MainThread] [root/service.py:52]: AudioOutputService starting...
2026-02-28 23:12:00,754 [INFO] [MainThread] [root/watcher.py:65]: Watching directory: c:\users\ahmadinne\.config\yasb\menu
2026-02-28 23:12:00,755 [INFO] [MainThread] [root/watcher.py:65]: Watching directory: c:\users\ahmadinne\.config\yasb
2026-02-28 23:12:00,755 [INFO] [MainThread] [root/watcher.py:104]: Created file watcher
2026-02-28 23:12:00,773 [INFO] [MainThread] [root/update_service.py:429]: Background update checker started
2026-02-28 23:12:00,786 [DEBUG] [MainThread] [systray_widget/systray.py:492]: Loading state from C:\Users\ahmadinne\AppData\Local\YASB\systray_state_XILINXINCMIMONITOR5790020029475.json
2026-02-28 23:12:00,788 [DEBUG] [SystrayMonitor] [systray_widget/systray.py:57]: Systray thread is starting...
2026-02-28 23:12:00,800 [DEBUG] [MainThread] [systray_widget/systray.py:243]: Systray thread started
2026-02-28 23:12:01,001 [DEBUG] [SystrayMonitor] [systray_widget/systray_monitor.py:168]: Adding TaskbandHWND prop to hwnd 591582
2026-02-28 23:12:01,004 [DEBUG] [SystrayMonitor] [systray_widget/systray_monitor.py:246]: Finding real tray hwnd
2026-02-28 23:12:01,013 [DEBUG] [MainThread] [systray_widget/systray_monitor.py:160]: Sending TaskbarCreated message: 49249
2026-02-28 23:14:43,628 [INFO] [CLIPipeServer] [cli_server/cli_server.py:256]: CLI server received command: reload
2026-02-28 23:14:43,629 [INFO] [CLIPipeServer] [root/controller.py:15]: Reloading Application from CLI...
2026-02-28 23:14:43,741 [INFO] [CLIPipeServer] [cli_server/cli_server.py:114]: Log pipe server stopped
2026-02-28 23:14:43,741 [DEBUG] [CLIPipeServer] [cli_server/cli_server.py:209]: CLI server stopped
2026-02-28 23:14:43,761 [DEBUG] [MainThread] [systray_widget/systray.py:470]: Saving state to disk
2026-02-28 23:14:43,761 [DEBUG] [MainThread] [systray_widget/systray.py:474]: Saving state to C:\Users\ahmadinne\AppData\Local\YASB\systray_state_XILINXINCMIMONITOR5790020029475.json
2026-02-28 23:14:43,762 [DEBUG] [MainThread] [systray_widget/utils.py:97]: Destroying window 591582
2026-02-28 23:14:43,763 [DEBUG] [MainThread] [systray_widget/utils.py:97]: Destroying window 591582
2026-02-28 23:14:44,135 [INFO] [MainThread] [root/log.py:95]: YASB v1.9.0
2026-02-28 23:14:44,135 [INFO] [CLIPipeServer] [cli_server/cli_server.py:215]: CLI server started v1.1.6
2026-02-28 23:14:44,136 [INFO] [MainThread] [cli_server/cli_server.py:106]: Log pipe server started
2026-02-28 23:14:44,156 [DEBUG] [MainThread] [qasync._windows._EventPoller/_windows.py:215]: Starting (proactor: <_IocpProactor overlapped#=0 result#=0>)...
2026-02-28 23:14:44,156 [DEBUG] [Dummy-3] [qasync._windows._EventWorker/_windows.py:195]: Thread started
2026-02-28 23:14:44,288 [INFO] [MainThread] [root/service.py:52]: AudioOutputService starting...
2026-02-28 23:14:44,612 [INFO] [MainThread] [root/watcher.py:65]: Watching directory: c:\users\ahmadinne\.config\yasb
2026-02-28 23:14:44,613 [INFO] [MainThread] [root/watcher.py:65]: Watching directory: c:\users\ahmadinne\.config\yasb\menu
2026-02-28 23:14:44,613 [INFO] [MainThread] [root/watcher.py:104]: Created file watcher
2026-02-28 23:14:44,631 [INFO] [MainThread] [root/update_service.py:429]: Background update checker started
2026-02-28 23:14:44,647 [DEBUG] [MainThread] [systray_widget/systray.py:492]: Loading state from C:\Users\ahmadinne\AppData\Local\YASB\systray_state_XILINXINCMIMONITOR5790020029475.json
2026-02-28 23:14:44,648 [DEBUG] [SystrayMonitor] [systray_widget/systray.py:57]: Systray thread is starting...
2026-02-28 23:14:44,663 [DEBUG] [MainThread] [systray_widget/systray.py:243]: Systray thread started
2026-02-28 23:14:44,865 [DEBUG] [SystrayMonitor] [systray_widget/systray_monitor.py:168]: Adding TaskbandHWND prop to hwnd 14746552
2026-02-28 23:14:44,867 [DEBUG] [SystrayMonitor] [systray_widget/systray_monitor.py:246]: Finding real tray hwnd
2026-02-28 23:14:44,872 [DEBUG] [MainThread] [systray_widget/systray_monitor.py:160]: Sending TaskbarCreated message: 49249
2026-02-28 23:26:48,203 [INFO] [CLIPipeServer] [cli_server/cli_server.py:256]: CLI server received command: reload
2026-02-28 23:26:48,205 [INFO] [CLIPipeServer] [root/controller.py:15]: Reloading Application from CLI...
2026-02-28 23:26:48,306 [INFO] [CLIPipeServer] [cli_server/cli_server.py:114]: Log pipe server stopped
2026-02-28 23:26:48,306 [DEBUG] [CLIPipeServer] [cli_server/cli_server.py:209]: CLI server stopped
2026-02-28 23:26:48,326 [DEBUG] [MainThread] [systray_widget/systray.py:470]: Saving state to disk
2026-02-28 23:26:48,327 [DEBUG] [MainThread] [systray_widget/systray.py:474]: Saving state to C:\Users\ahmadinne\AppData\Local\YASB\systray_state_XILINXINCMIMONITOR5790020029475.json
2026-02-28 23:26:48,328 [DEBUG] [MainThread] [systray_widget/utils.py:97]: Destroying window 14746552
2026-02-28 23:26:48,329 [DEBUG] [MainThread] [systray_widget/utils.py:97]: Destroying window 14746552
2026-02-28 23:26:48,688 [INFO] [MainThread] [root/log.py:95]: YASB v1.9.0
2026-02-28 23:26:48,688 [INFO] [CLIPipeServer] [cli_server/cli_server.py:215]: CLI server started v1.1.6
2026-02-28 23:26:48,689 [INFO] [MainThread] [cli_server/cli_server.py:106]: Log pipe server started
2026-02-28 23:26:48,711 [DEBUG] [MainThread] [qasync._windows._EventPoller/_windows.py:215]: Starting (proactor: <_IocpProactor overlapped#=0 result#=0>)...
2026-02-28 23:26:48,712 [DEBUG] [Dummy-3] [qasync._windows._EventWorker/_windows.py:195]: Thread started
2026-02-28 23:26:48,858 [INFO] [MainThread] [root/service.py:52]: AudioOutputService starting...
2026-02-28 23:26:49,229 [INFO] [MainThread] [root/watcher.py:65]: Watching directory: c:\users\ahmadinne\.config\yasb\menu
2026-02-28 23:26:49,230 [INFO] [MainThread] [root/watcher.py:65]: Watching directory: c:\users\ahmadinne\.config\yasb
2026-02-28 23:26:49,230 [INFO] [MainThread] [root/watcher.py:104]: Created file watcher
2026-02-28 23:26:49,247 [INFO] [MainThread] [root/update_service.py:429]: Background update checker started
2026-02-28 23:26:49,260 [DEBUG] [MainThread] [systray_widget/systray.py:492]: Loading state from C:\Users\ahmadinne\AppData\Local\YASB\systray_state_XILINXINCMIMONITOR5790020029475.json
2026-02-28 23:26:49,262 [DEBUG] [SystrayMonitor] [systray_widget/systray.py:57]: Systray thread is starting...
2026-02-28 23:26:49,277 [DEBUG] [MainThread] [systray_widget/systray.py:243]: Systray thread started
2026-02-28 23:26:49,478 [DEBUG] [SystrayMonitor] [systray_widget/systray_monitor.py:168]: Adding TaskbandHWND prop to hwnd 1377684
2026-02-28 23:26:49,482 [DEBUG] [SystrayMonitor] [systray_widget/systray_monitor.py:246]: Finding real tray hwnd
2026-02-28 23:26:49,486 [DEBUG] [MainThread] [systray_widget/systray_monitor.py:160]: Sending TaskbarCreated message: 49249
2026-02-28 23:27:26,651 [INFO] [CLIPipeServer] [cli_server/cli_server.py:256]: CLI server received command: reload
2026-02-28 23:27:26,652 [INFO] [CLIPipeServer] [root/controller.py:15]: Reloading Application from CLI...
2026-02-28 23:27:26,756 [INFO] [CLIPipeServer] [cli_server/cli_server.py:114]: Log pipe server stopped
2026-02-28 23:27:26,758 [DEBUG] [CLIPipeServer] [cli_server/cli_server.py:209]: CLI server stopped
2026-02-28 23:27:26,789 [DEBUG] [MainThread] [systray_widget/systray.py:470]: Saving state to disk
2026-02-28 23:27:26,790 [DEBUG] [MainThread] [systray_widget/systray.py:474]: Saving state to C:\Users\ahmadinne\AppData\Local\YASB\systray_state_XILINXINCMIMONITOR5790020029475.json
2026-02-28 23:27:26,791 [DEBUG] [MainThread] [systray_widget/utils.py:97]: Destroying window 1377684
2026-02-28 23:27:26,792 [DEBUG] [MainThread] [systray_widget/utils.py:97]: Destroying window 1377684
2026-02-28 23:27:27,178 [INFO] [MainThread] [root/log.py:95]: YASB v1.9.0
2026-02-28 23:27:27,179 [INFO] [CLIPipeServer] [cli_server/cli_server.py:215]: CLI server started v1.1.6
2026-02-28 23:27:27,179 [INFO] [MainThread] [cli_server/cli_server.py:106]: Log pipe server started
2026-02-28 23:27:27,199 [DEBUG] [MainThread] [qasync._windows._EventPoller/_windows.py:215]: Starting (proactor: <_IocpProactor overlapped#=0 result#=0>)...
2026-02-28 23:27:27,200 [DEBUG] [Dummy-3] [qasync._windows._EventWorker/_windows.py:195]: Thread started
2026-02-28 23:27:27,330 [INFO] [MainThread] [root/service.py:52]: AudioOutputService starting...
2026-02-28 23:27:27,714 [INFO] [MainThread] [root/watcher.py:65]: Watching directory: c:\users\ahmadinne\.config\yasb
2026-02-28 23:27:27,714 [INFO] [MainThread] [root/watcher.py:65]: Watching directory: c:\users\ahmadinne\.config\yasb\menu
2026-02-28 23:27:27,714 [INFO] [MainThread] [root/watcher.py:104]: Created file watcher
2026-02-28 23:27:27,731 [INFO] [MainThread] [root/update_service.py:429]: Background update checker started
2026-02-28 23:27:27,744 [DEBUG] [MainThread] [systray_widget/systray.py:492]: Loading state from C:\Users\ahmadinne\AppData\Local\YASB\systray_state_XILINXINCMIMONITOR5790020029475.json
2026-02-28 23:27:27,746 [DEBUG] [SystrayMonitor] [systray_widget/systray.py:57]: Systray thread is starting...
2026-02-28 23:27:27,759 [DEBUG] [MainThread] [systray_widget/systray.py:243]: Systray thread started
2026-02-28 23:27:27,961 [DEBUG] [SystrayMonitor] [systray_widget/systray_monitor.py:168]: Adding TaskbandHWND prop to hwnd 1181424
2026-02-28 23:27:27,963 [DEBUG] [SystrayMonitor] [systray_widget/systray_monitor.py:246]: Finding real tray hwnd
2026-02-28 23:27:27,968 [DEBUG] [MainThread] [systray_widget/systray_monitor.py:160]: Sending TaskbarCreated message: 49249
2026-02-28 23:27:33,314 [INFO] [CLIPipeServer] [cli_server/cli_server.py:256]: CLI server received command: reload
2026-02-28 23:27:33,314 [INFO] [CLIPipeServer] [root/controller.py:15]: Reloading Application from CLI...
2026-02-28 23:27:33,427 [INFO] [CLIPipeServer] [cli_server/cli_server.py:114]: Log pipe server stopped
2026-02-28 23:27:33,428 [DEBUG] [CLIPipeServer] [cli_server/cli_server.py:209]: CLI server stopped
2026-02-28 23:27:33,447 [DEBUG] [MainThread] [systray_widget/systray.py:470]: Saving state to disk
2026-02-28 23:27:33,448 [DEBUG] [MainThread] [systray_widget/systray.py:474]: Saving state to C:\Users\ahmadinne\AppData\Local\YASB\systray_state_XILINXINCMIMONITOR5790020029475.json
2026-02-28 23:27:33,449 [DEBUG] [MainThread] [systray_widget/utils.py:97]: Destroying window 1181424
2026-02-28 23:27:33,449 [DEBUG] [MainThread] [systray_widget/utils.py:97]: Destroying window 1181424
2026-02-28 23:27:33,842 [INFO] [MainThread] [root/log.py:95]: YASB v1.9.0
2026-02-28 23:27:33,843 [INFO] [CLIPipeServer] [cli_server/cli_server.py:215]: CLI server started v1.1.6
2026-02-28 23:27:33,843 [INFO] [MainThread] [cli_server/cli_server.py:106]: Log pipe server started
2026-02-28 23:27:33,864 [DEBUG] [MainThread] [qasync._windows._EventPoller/_windows.py:215]: Starting (proactor: <_IocpProactor overlapped#=0 result#=0>)...
2026-02-28 23:27:33,864 [DEBUG] [Dummy-3] [qasync._windows._EventWorker/_windows.py:195]: Thread started
2026-02-28 23:27:33,991 [INFO] [MainThread] [root/service.py:52]: AudioOutputService starting...
2026-02-28 23:27:34,384 [INFO] [MainThread] [root/watcher.py:65]: Watching directory: c:\users\ahmadinne\.config\yasb
2026-02-28 23:27:34,384 [INFO] [MainThread] [root/watcher.py:65]: Watching directory: c:\users\ahmadinne\.config\yasb\menu
2026-02-28 23:27:34,384 [INFO] [MainThread] [root/watcher.py:104]: Created file watcher
2026-02-28 23:27:34,402 [INFO] [MainThread] [root/update_service.py:429]: Background update checker started
2026-02-28 23:27:34,415 [DEBUG] [MainThread] [systray_widget/systray.py:492]: Loading state from C:\Users\ahmadinne\AppData\Local\YASB\systray_state_XILINXINCMIMONITOR5790020029475.json
2026-02-28 23:27:34,417 [DEBUG] [SystrayMonitor] [systray_widget/systray.py:57]: Systray thread is starting...
2026-02-28 23:27:34,432 [DEBUG] [MainThread] [systray_widget/systray.py:243]: Systray thread started
2026-02-28 23:27:34,632 [DEBUG] [SystrayMonitor] [systray_widget/systray_monitor.py:168]: Adding TaskbandHWND prop to hwnd 8389750
2026-02-28 23:27:34,636 [DEBUG] [SystrayMonitor] [systray_widget/systray_monitor.py:246]: Finding real tray hwnd
2026-02-28 23:27:34,642 [DEBUG] [MainThread] [systray_widget/systray_monitor.py:160]: Sending TaskbarCreated message: 49249
2026-02-28 23:28:18,141 [INFO] [CLIPipeServer] [cli_server/cli_server.py:256]: CLI server received command: reload
2026-02-28 23:28:18,142 [INFO] [CLIPipeServer] [root/controller.py:15]: Reloading Application from CLI...
2026-02-28 23:28:18,247 [INFO] [CLIPipeServer] [cli_server/cli_server.py:114]: Log pipe server stopped
2026-02-28 23:28:18,247 [DEBUG] [CLIPipeServer] [cli_server/cli_server.py:209]: CLI server stopped
2026-02-28 23:28:18,271 [DEBUG] [MainThread] [systray_widget/systray.py:470]: Saving state to disk
2026-02-28 23:28:18,272 [DEBUG] [MainThread] [systray_widget/systray.py:474]: Saving state to C:\Users\ahmadinne\AppData\Local\YASB\systray_state_XILINXINCMIMONITOR5790020029475.json
2026-02-28 23:28:18,273 [DEBUG] [MainThread] [systray_widget/utils.py:97]: Destroying window 8389750
2026-02-28 23:28:18,273 [DEBUG] [MainThread] [systray_widget/utils.py:97]: Destroying window 8389750
2026-02-28 23:28:18,634 [INFO] [MainThread] [root/log.py:95]: YASB v1.9.0
2026-02-28 23:28:18,634 [INFO] [CLIPipeServer] [cli_server/cli_server.py:215]: CLI server started v1.1.6
2026-02-28 23:28:18,635 [INFO] [MainThread] [cli_server/cli_server.py:106]: Log pipe server started
2026-02-28 23:28:18,656 [DEBUG] [MainThread] [qasync._windows._EventPoller/_windows.py:215]: Starting (proactor: <_IocpProactor overlapped#=0 result#=0>)...
2026-02-28 23:28:18,658 [DEBUG] [Dummy-3] [qasync._windows._EventWorker/_windows.py:195]: Thread started
2026-02-28 23:28:18,824 [INFO] [MainThread] [root/service.py:52]: AudioOutputService starting...
2026-02-28 23:28:19,208 [INFO] [MainThread] [root/watcher.py:65]: Watching directory: c:\users\ahmadinne\.config\yasb
2026-02-28 23:28:19,209 [INFO] [MainThread] [root/watcher.py:65]: Watching directory: c:\users\ahmadinne\.config\yasb\menu
2026-02-28 23:28:19,209 [INFO] [MainThread] [root/watcher.py:104]: Created file watcher
2026-02-28 23:28:19,235 [INFO] [MainThread] [root/update_service.py:429]: Background update checker started
2026-02-28 23:28:19,254 [DEBUG] [MainThread] [systray_widget/systray.py:492]: Loading state from C:\Users\ahmadinne\AppData\Local\YASB\systray_state_XILINXINCMIMONITOR5790020029475.json
2026-02-28 23:28:19,256 [DEBUG] [SystrayMonitor] [systray_widget/systray.py:57]: Systray thread is starting...
2026-02-28 23:28:19,275 [DEBUG] [MainThread] [systray_widget/systray.py:243]: Systray thread started
2026-02-28 23:28:19,475 [DEBUG] [SystrayMonitor] [systray_widget/systray_monitor.py:168]: Adding TaskbandHWND prop to hwnd 787916
2026-02-28 23:28:19,478 [DEBUG] [SystrayMonitor] [systray_widget/systray_monitor.py:246]: Finding real tray hwnd
2026-02-28 23:28:19,485 [DEBUG] [MainThread] [systray_widget/systray_monitor.py:160]: Sending TaskbarCreated message: 49249
2026-02-28 23:29:10,006 [INFO] [CLIPipeServer] [cli_server/cli_server.py:256]: CLI server received command: reload
2026-02-28 23:29:10,007 [INFO] [CLIPipeServer] [root/controller.py:15]: Reloading Application from CLI...
2026-02-28 23:29:10,114 [INFO] [CLIPipeServer] [cli_server/cli_server.py:114]: Log pipe server stopped
2026-02-28 23:29:10,114 [DEBUG] [CLIPipeServer] [cli_server/cli_server.py:209]: CLI server stopped
2026-02-28 23:29:10,152 [DEBUG] [MainThread] [systray_widget/systray.py:470]: Saving state to disk
2026-02-28 23:29:10,153 [DEBUG] [MainThread] [systray_widget/systray.py:474]: Saving state to C:\Users\ahmadinne\AppData\Local\YASB\systray_state_XILINXINCMIMONITOR5790020029475.json
2026-02-28 23:29:10,154 [DEBUG] [MainThread] [systray_widget/utils.py:97]: Destroying window 787916
2026-02-28 23:29:10,155 [DEBUG] [MainThread] [systray_widget/utils.py:97]: Destroying window 787916
2026-02-28 23:29:10,532 [INFO] [MainThread] [root/log.py:95]: YASB v1.9.0
2026-02-28 23:29:10,533 [INFO] [CLIPipeServer] [cli_server/cli_server.py:215]: CLI server started v1.1.6
2026-02-28 23:29:10,533 [INFO] [MainThread] [cli_server/cli_server.py:106]: Log pipe server started
2026-02-28 23:29:10,552 [DEBUG] [MainThread] [qasync._windows._EventPoller/_windows.py:215]: Starting (proactor: <_IocpProactor overlapped#=0 result#=0>)...
2026-02-28 23:29:10,552 [DEBUG] [Dummy-3] [qasync._windows._EventWorker/_windows.py:195]: Thread started
2026-02-28 23:29:10,687 [INFO] [MainThread] [root/service.py:52]: AudioOutputService starting...
2026-02-28 23:29:10,998 [INFO] [MainThread] [root/watcher.py:65]: Watching directory: c:\users\ahmadinne\.config\yasb\menu
2026-02-28 23:29:10,998 [INFO] [MainThread] [root/watcher.py:65]: Watching directory: c:\users\ahmadinne\.config\yasb
2026-02-28 23:29:10,998 [INFO] [MainThread] [root/watcher.py:104]: Created file watcher
2026-02-28 23:29:11,015 [INFO] [MainThread] [root/update_service.py:429]: Background update checker started
2026-02-28 23:29:11,026 [DEBUG] [MainThread] [systray_widget/systray.py:492]: Loading state from C:\Users\ahmadinne\AppData\Local\YASB\systray_state_XILINXINCMIMONITOR5790020029475.json
2026-02-28 23:29:11,027 [DEBUG] [SystrayMonitor] [systray_widget/systray.py:57]: Systray thread is starting...
2026-02-28 23:29:11,045 [DEBUG] [MainThread] [systray_widget/systray.py:243]: Systray thread started
2026-02-28 23:29:11,112 [DEBUG] [SystrayMonitor] [systray_widget/systray_monitor.py:246]: Finding real tray hwnd
2026-02-28 23:29:11,246 [DEBUG] [SystrayMonitor] [systray_widget/systray_monitor.py:168]: Adding TaskbandHWND prop to hwnd 14223032
2026-02-28 23:29:11,252 [DEBUG] [MainThread] [systray_widget/systray_monitor.py:160]: Sending TaskbarCreated message: 49249
2026-02-28 23:30:02,319 [INFO] [CLIPipeServer] [cli_server/cli_server.py:256]: CLI server received command: reload
2026-02-28 23:30:02,320 [INFO] [CLIPipeServer] [root/controller.py:15]: Reloading Application from CLI...
2026-02-28 23:30:02,426 [INFO] [CLIPipeServer] [cli_server/cli_server.py:114]: Log pipe server stopped
2026-02-28 23:30:02,426 [DEBUG] [CLIPipeServer] [cli_server/cli_server.py:209]: CLI server stopped
2026-02-28 23:30:02,481 [DEBUG] [MainThread] [systray_widget/systray.py:470]: Saving state to disk
2026-02-28 23:30:02,482 [DEBUG] [MainThread] [systray_widget/systray.py:474]: Saving state to C:\Users\ahmadinne\AppData\Local\YASB\systray_state_XILINXINCMIMONITOR5790020029475.json
2026-02-28 23:30:02,484 [DEBUG] [MainThread] [systray_widget/utils.py:97]: Destroying window 14223032
2026-02-28 23:30:02,484 [DEBUG] [MainThread] [systray_widget/utils.py:97]: Destroying window 14223032
2026-02-28 23:30:02,917 [INFO] [MainThread] [root/log.py:95]: YASB v1.9.0
2026-02-28 23:30:02,918 [INFO] [CLIPipeServer] [cli_server/cli_server.py:215]: CLI server started v1.1.6
2026-02-28 23:30:02,918 [INFO] [MainThread] [cli_server/cli_server.py:106]: Log pipe server started
2026-02-28 23:30:02,944 [DEBUG] [MainThread] [qasync._windows._EventPoller/_windows.py:215]: Starting (proactor: <_IocpProactor overlapped#=0 result#=0>)...
2026-02-28 23:30:02,945 [DEBUG] [Dummy-3] [qasync._windows._EventWorker/_windows.py:195]: Thread started
2026-02-28 23:30:03,096 [INFO] [MainThread] [root/service.py:52]: AudioOutputService starting...
2026-02-28 23:30:03,476 [INFO] [MainThread] [root/watcher.py:65]: Watching directory: c:\users\ahmadinne\.config\yasb\menu
2026-02-28 23:30:03,476 [INFO] [MainThread] [root/watcher.py:65]: Watching directory: c:\users\ahmadinne\.config\yasb
2026-02-28 23:30:03,477 [INFO] [MainThread] [root/watcher.py:104]: Created file watcher
2026-02-28 23:30:03,499 [INFO] [MainThread] [root/update_service.py:429]: Background update checker started
2026-02-28 23:30:03,517 [DEBUG] [MainThread] [systray_widget/systray.py:492]: Loading state from C:\Users\ahmadinne\AppData\Local\YASB\systray_state_XILINXINCMIMONITOR5790020029475.json
2026-02-28 23:30:03,518 [DEBUG] [SystrayMonitor] [systray_widget/systray.py:57]: Systray thread is starting...
2026-02-28 23:30:03,536 [DEBUG] [MainThread] [systray_widget/systray.py:243]: Systray thread started
2026-02-28 23:30:03,738 [DEBUG] [SystrayMonitor] [systray_widget/systray_monitor.py:168]: Adding TaskbandHWND prop to hwnd 8520622
2026-02-28 23:30:03,740 [DEBUG] [SystrayMonitor] [systray_widget/systray_monitor.py:246]: Finding real tray hwnd
2026-02-28 23:30:03,745 [DEBUG] [MainThread] [systray_widget/systray_monitor.py:160]: Sending TaskbarCreated message: 49249
2026-02-28 23:38:47,812 [INFO] [CLIPipeServer] [cli_server/cli_server.py:256]: CLI server received command: reload
2026-02-28 23:38:47,814 [INFO] [CLIPipeServer] [root/controller.py:15]: Reloading Application from CLI...
2026-02-28 23:38:47,929 [INFO] [CLIPipeServer] [cli_server/cli_server.py:114]: Log pipe server stopped
2026-02-28 23:38:47,929 [DEBUG] [CLIPipeServer] [cli_server/cli_server.py:209]: CLI server stopped
2026-02-28 23:38:47,945 [DEBUG] [MainThread] [systray_widget/systray.py:470]: Saving state to disk
2026-02-28 23:38:47,946 [DEBUG] [MainThread] [systray_widget/systray.py:474]: Saving state to C:\Users\ahmadinne\AppData\Local\YASB\systray_state_XILINXINCMIMONITOR5790020029475.json
2026-02-28 23:38:47,947 [DEBUG] [MainThread] [systray_widget/utils.py:97]: Destroying window 8520622
2026-02-28 23:38:47,947 [DEBUG] [MainThread] [systray_widget/utils.py:97]: Destroying window 8520622
2026-02-28 23:38:48,344 [INFO] [MainThread] [root/log.py:95]: YASB v1.9.0
2026-02-28 23:38:48,344 [INFO] [CLIPipeServer] [cli_server/cli_server.py:215]: CLI server started v1.1.6
2026-02-28 23:38:48,345 [INFO] [MainThread] [cli_server/cli_server.py:106]: Log pipe server started
2026-02-28 23:38:48,368 [DEBUG] [MainThread] [qasync._windows._EventPoller/_windows.py:215]: Starting (proactor: <_IocpProactor overlapped#=0 result#=0>)...
2026-02-28 23:38:48,369 [DEBUG] [Dummy-3] [qasync._windows._EventWorker/_windows.py:195]: Thread started
2026-02-28 23:38:48,507 [INFO] [MainThread] [root/service.py:52]: AudioOutputService starting...
2026-02-28 23:38:48,824 [INFO] [MainThread] [root/watcher.py:65]: Watching directory: c:\users\ahmadinne\.config\yasb
2026-02-28 23:38:48,824 [INFO] [MainThread] [root/watcher.py:65]: Watching directory: c:\users\ahmadinne\.config\yasb\menu
2026-02-28 23:38:48,824 [INFO] [MainThread] [root/watcher.py:104]: Created file watcher
2026-02-28 23:38:48,843 [INFO] [MainThread] [root/update_service.py:429]: Background update checker started
2026-02-28 23:38:48,859 [DEBUG] [MainThread] [systray_widget/systray.py:492]: Loading state from C:\Users\ahmadinne\AppData\Local\YASB\systray_state_XILINXINCMIMONITOR5790020029475.json
2026-02-28 23:38:48,861 [DEBUG] [SystrayMonitor] [systray_widget/systray.py:57]: Systray thread is starting...
2026-02-28 23:38:48,877 [DEBUG] [MainThread] [systray_widget/systray.py:243]: Systray thread started
2026-02-28 23:38:49,079 [DEBUG] [SystrayMonitor] [systray_widget/systray_monitor.py:168]: Adding TaskbandHWND prop to hwnd 4260966
2026-02-28 23:38:49,082 [DEBUG] [SystrayMonitor] [systray_widget/systray_monitor.py:246]: Finding real tray hwnd
2026-02-28 23:38:49,086 [DEBUG] [MainThread] [systray_widget/systray_monitor.py:160]: Sending TaskbarCreated message: 49249
2026-02-28 23:39:13,612 [INFO] [CLIPipeServer] [cli_server/cli_server.py:256]: CLI server received command: reload
2026-02-28 23:39:13,613 [INFO] [CLIPipeServer] [root/controller.py:15]: Reloading Application from CLI...
2026-02-28 23:39:13,723 [INFO] [CLIPipeServer] [cli_server/cli_server.py:114]: Log pipe server stopped
2026-02-28 23:39:13,724 [DEBUG] [CLIPipeServer] [cli_server/cli_server.py:209]: CLI server stopped
2026-02-28 23:39:13,747 [DEBUG] [MainThread] [systray_widget/systray.py:470]: Saving state to disk
2026-02-28 23:39:13,747 [DEBUG] [MainThread] [systray_widget/systray.py:474]: Saving state to C:\Users\ahmadinne\AppData\Local\YASB\systray_state_XILINXINCMIMONITOR5790020029475.json
2026-02-28 23:39:13,749 [DEBUG] [MainThread] [systray_widget/utils.py:97]: Destroying window 4260966
2026-02-28 23:39:13,749 [DEBUG] [MainThread] [systray_widget/utils.py:97]: Destroying window 4260966
2026-02-28 23:39:14,132 [INFO] [MainThread] [root/log.py:95]: YASB v1.9.0
2026-02-28 23:39:14,133 [INFO] [CLIPipeServer] [cli_server/cli_server.py:215]: CLI server started v1.1.6
2026-02-28 23:39:14,133 [INFO] [MainThread] [cli_server/cli_server.py:106]: Log pipe server started
2026-02-28 23:39:14,169 [DEBUG] [MainThread] [qasync._windows._EventPoller/_windows.py:215]: Starting (proactor: <_IocpProactor overlapped#=0 result#=0>)...
2026-02-28 23:39:14,170 [DEBUG] [Dummy-3] [qasync._windows._EventWorker/_windows.py:195]: Thread started
2026-02-28 23:39:14,317 [INFO] [MainThread] [root/service.py:52]: AudioOutputService starting...
2026-02-28 23:39:14,637 [INFO] [MainThread] [root/watcher.py:65]: Watching directory: c:\users\ahmadinne\.config\yasb\menu
2026-02-28 23:39:14,637 [INFO] [MainThread] [root/watcher.py:65]: Watching directory: c:\users\ahmadinne\.config\yasb
2026-02-28 23:39:14,637 [INFO] [MainThread] [root/watcher.py:104]: Created file watcher
2026-02-28 23:39:14,655 [INFO] [MainThread] [root/update_service.py:429]: Background update checker started
2026-02-28 23:39:14,669 [DEBUG] [MainThread] [systray_widget/systray.py:492]: Loading state from C:\Users\ahmadinne\AppData\Local\YASB\systray_state_XILINXINCMIMONITOR5790020029475.json
2026-02-28 23:39:14,671 [DEBUG] [SystrayMonitor] [systray_widget/systray.py:57]: Systray thread is starting...
2026-02-28 23:39:14,691 [DEBUG] [MainThread] [systray_widget/systray.py:243]: Systray thread started
2026-02-28 23:39:14,892 [DEBUG] [SystrayMonitor] [systray_widget/systray_monitor.py:168]: Adding TaskbandHWND prop to hwnd 984836
2026-02-28 23:39:14,894 [DEBUG] [SystrayMonitor] [systray_widget/systray_monitor.py:246]: Finding real tray hwnd
2026-02-28 23:39:14,902 [DEBUG] [MainThread] [systray_widget/systray_monitor.py:160]: Sending TaskbarCreated message: 49249
2026-02-28 23:39:55,886 [INFO] [CLIPipeServer] [cli_server/cli_server.py:256]: CLI server received command: reload
2026-02-28 23:39:55,887 [INFO] [CLIPipeServer] [root/controller.py:15]: Reloading Application from CLI...
2026-02-28 23:39:55,990 [INFO] [CLIPipeServer] [cli_server/cli_server.py:114]: Log pipe server stopped
2026-02-28 23:39:55,990 [DEBUG] [CLIPipeServer] [cli_server/cli_server.py:209]: CLI server stopped
2026-02-28 23:39:56,017 [DEBUG] [MainThread] [systray_widget/systray.py:470]: Saving state to disk
2026-02-28 23:39:56,017 [DEBUG] [MainThread] [systray_widget/systray.py:474]: Saving state to C:\Users\ahmadinne\AppData\Local\YASB\systray_state_XILINXINCMIMONITOR5790020029475.json
2026-02-28 23:39:56,019 [DEBUG] [MainThread] [systray_widget/utils.py:97]: Destroying window 984836
2026-02-28 23:39:56,019 [DEBUG] [MainThread] [systray_widget/utils.py:97]: Destroying window 984836
2026-02-28 23:39:56,398 [INFO] [MainThread] [root/log.py:95]: YASB v1.9.0
2026-02-28 23:39:56,399 [INFO] [CLIPipeServer] [cli_server/cli_server.py:215]: CLI server started v1.1.6
2026-02-28 23:39:56,399 [INFO] [MainThread] [cli_server/cli_server.py:106]: Log pipe server started
2026-02-28 23:39:56,418 [DEBUG] [MainThread] [qasync._windows._EventPoller/_windows.py:215]: Starting (proactor: <_IocpProactor overlapped#=0 result#=0>)...
2026-02-28 23:39:56,419 [DEBUG] [Dummy-3] [qasync._windows._EventWorker/_windows.py:195]: Thread started
2026-02-28 23:39:56,552 [INFO] [MainThread] [root/service.py:52]: AudioOutputService starting...
2026-02-28 23:39:56,893 [INFO] [MainThread] [root/watcher.py:65]: Watching directory: c:\users\ahmadinne\.config\yasb\menu
2026-02-28 23:39:56,894 [INFO] [MainThread] [root/watcher.py:65]: Watching directory: c:\users\ahmadinne\.config\yasb
2026-02-28 23:39:56,894 [INFO] [MainThread] [root/watcher.py:104]: Created file watcher
2026-02-28 23:39:56,917 [INFO] [MainThread] [root/update_service.py:429]: Background update checker started
2026-02-28 23:39:56,931 [DEBUG] [MainThread] [systray_widget/systray.py:492]: Loading state from C:\Users\ahmadinne\AppData\Local\YASB\systray_state_XILINXINCMIMONITOR5790020029475.json
2026-02-28 23:39:56,932 [DEBUG] [SystrayMonitor] [systray_widget/systray.py:57]: Systray thread is starting...
2026-02-28 23:39:56,943 [DEBUG] [MainThread] [systray_widget/systray.py:243]: Systray thread started
2026-02-28 23:39:57,128 [DEBUG] [SystrayMonitor] [systray_widget/systray_monitor.py:246]: Finding real tray hwnd
2026-02-28 23:39:57,145 [DEBUG] [SystrayMonitor] [systray_widget/systray_monitor.py:168]: Adding TaskbandHWND prop to hwnd 7996152
2026-02-28 23:39:57,170 [DEBUG] [MainThread] [systray_widget/systray_monitor.py:160]: Sending TaskbarCreated message: 49249
2026-02-28 23:49:33,941 [INFO] [CLIPipeServer] [cli_server/cli_server.py:256]: CLI server received command: reload
2026-02-28 23:49:33,942 [INFO] [CLIPipeServer] [root/controller.py:15]: Reloading Application from CLI...
2026-02-28 23:49:34,047 [INFO] [CLIPipeServer] [cli_server/cli_server.py:114]: Log pipe server stopped
2026-02-28 23:49:34,047 [DEBUG] [CLIPipeServer] [cli_server/cli_server.py:209]: CLI server stopped
2026-02-28 23:49:34,078 [DEBUG] [MainThread] [systray_widget/systray.py:470]: Saving state to disk
2026-02-28 23:49:34,078 [DEBUG] [MainThread] [systray_widget/systray.py:474]: Saving state to C:\Users\ahmadinne\AppData\Local\YASB\systray_state_XILINXINCMIMONITOR5790020029475.json
2026-02-28 23:49:34,080 [DEBUG] [MainThread] [systray_widget/utils.py:97]: Destroying window 7996152
2026-02-28 23:49:34,081 [DEBUG] [MainThread] [systray_widget/utils.py:97]: Destroying window 7996152
2026-02-28 23:49:34,492 [INFO] [MainThread] [root/log.py:95]: YASB v1.9.0
2026-02-28 23:49:34,492 [INFO] [CLIPipeServer] [cli_server/cli_server.py:215]: CLI server started v1.1.6
2026-02-28 23:49:34,493 [INFO] [MainThread] [cli_server/cli_server.py:106]: Log pipe server started
2026-02-28 23:49:34,513 [DEBUG] [MainThread] [qasync._windows._EventPoller/_windows.py:215]: Starting (proactor: <_IocpProactor overlapped#=0 result#=0>)...
2026-02-28 23:49:34,514 [DEBUG] [Dummy-3] [qasync._windows._EventWorker/_windows.py:195]: Thread started
2026-02-28 23:49:34,650 [INFO] [MainThread] [root/service.py:52]: AudioOutputService starting...
2026-02-28 23:49:35,005 [INFO] [MainThread] [root/watcher.py:65]: Watching directory: c:\users\ahmadinne\.config\yasb
2026-02-28 23:49:35,005 [INFO] [MainThread] [root/watcher.py:65]: Watching directory: c:\users\ahmadinne\.config\yasb\menu
2026-02-28 23:49:35,005 [INFO] [MainThread] [root/watcher.py:104]: Created file watcher
2026-02-28 23:49:35,027 [INFO] [MainThread] [root/update_service.py:429]: Background update checker started
2026-02-28 23:49:35,048 [DEBUG] [MainThread] [systray_widget/systray.py:492]: Loading state from C:\Users\ahmadinne\AppData\Local\YASB\systray_state_XILINXINCMIMONITOR5790020029475.json
2026-02-28 23:49:35,051 [DEBUG] [SystrayMonitor] [systray_widget/systray.py:57]: Systray thread is starting...
2026-02-28 23:49:35,069 [DEBUG] [MainThread] [systray_widget/systray.py:243]: Systray thread started
2026-02-28 23:49:35,232 [DEBUG] [SystrayMonitor] [systray_widget/systray_monitor.py:246]: Finding real tray hwnd
2026-02-28 23:49:35,270 [DEBUG] [SystrayMonitor] [systray_widget/systray_monitor.py:168]: Adding TaskbandHWND prop to hwnd 4851280
2026-02-28 23:49:35,278 [DEBUG] [MainThread] [systray_widget/systray_monitor.py:160]: Sending TaskbarCreated message: 49249
2026-02-28 23:49:47,994 [INFO] [CLIPipeServer] [cli_server/cli_server.py:256]: CLI server received command: reload
2026-02-28 23:49:47,995 [INFO] [CLIPipeServer] [root/controller.py:15]: Reloading Application from CLI...
2026-02-28 23:49:48,108 [INFO] [CLIPipeServer] [cli_server/cli_server.py:114]: Log pipe server stopped
2026-02-28 23:49:48,109 [DEBUG] [CLIPipeServer] [cli_server/cli_server.py:209]: CLI server stopped
2026-02-28 23:49:48,124 [DEBUG] [MainThread] [systray_widget/systray.py:470]: Saving state to disk
2026-02-28 23:49:48,125 [DEBUG] [MainThread] [systray_widget/systray.py:474]: Saving state to C:\Users\ahmadinne\AppData\Local\YASB\systray_state_XILINXINCMIMONITOR5790020029475.json
2026-02-28 23:49:48,126 [DEBUG] [MainThread] [systray_widget/utils.py:97]: Destroying window 4851280
2026-02-28 23:49:48,127 [DEBUG] [MainThread] [systray_widget/utils.py:97]: Destroying window 4851280
2026-02-28 23:49:48,507 [INFO] [MainThread] [root/log.py:95]: YASB v1.9.0
2026-02-28 23:49:48,508 [INFO] [CLIPipeServer] [cli_server/cli_server.py:215]: CLI server started v1.1.6
2026-02-28 23:49:48,508 [INFO] [MainThread] [cli_server/cli_server.py:106]: Log pipe server started
2026-02-28 23:49:48,528 [DEBUG] [MainThread] [qasync._windows._EventPoller/_windows.py:215]: Starting (proactor: <_IocpProactor overlapped#=0 result#=0>)...
2026-02-28 23:49:48,529 [DEBUG] [Dummy-3] [qasync._windows._EventWorker/_windows.py:195]: Thread started
2026-02-28 23:49:48,663 [INFO] [MainThread] [root/service.py:52]: AudioOutputService starting...
2026-02-28 23:49:48,981 [INFO] [MainThread] [root/watcher.py:65]: Watching directory: c:\users\ahmadinne\.config\yasb\menu
2026-02-28 23:49:48,982 [INFO] [MainThread] [root/watcher.py:65]: Watching directory: c:\users\ahmadinne\.config\yasb
2026-02-28 23:49:48,982 [INFO] [MainThread] [root/watcher.py:104]: Created file watcher
2026-02-28 23:49:49,001 [INFO] [MainThread] [root/update_service.py:429]: Background update checker started
2026-02-28 23:49:49,021 [DEBUG] [MainThread] [systray_widget/systray.py:492]: Loading state from C:\Users\ahmadinne\AppData\Local\YASB\systray_state_XILINXINCMIMONITOR5790020029475.json
2026-02-28 23:49:49,023 [DEBUG] [SystrayMonitor] [systray_widget/systray.py:57]: Systray thread is starting...
2026-02-28 23:49:49,041 [DEBUG] [MainThread] [systray_widget/systray.py:243]: Systray thread started
2026-02-28 23:49:49,204 [DEBUG] [SystrayMonitor] [systray_widget/systray_monitor.py:246]: Finding real tray hwnd
2026-02-28 23:49:49,245 [DEBUG] [SystrayMonitor] [systray_widget/systray_monitor.py:168]: Adding TaskbandHWND prop to hwnd 1443424
2026-02-28 23:49:49,255 [DEBUG] [MainThread] [systray_widget/systray_monitor.py:160]: Sending TaskbarCreated message: 49249
2026-02-28 23:55:27,952 [INFO] [CLIPipeServer] [cli_server/cli_server.py:256]: CLI server received command: reload
2026-02-28 23:55:27,953 [INFO] [CLIPipeServer] [root/controller.py:15]: Reloading Application from CLI...
2026-02-28 23:55:28,055 [INFO] [CLIPipeServer] [cli_server/cli_server.py:114]: Log pipe server stopped
2026-02-28 23:55:28,056 [DEBUG] [CLIPipeServer] [cli_server/cli_server.py:209]: CLI server stopped
2026-02-28 23:55:28,086 [DEBUG] [MainThread] [systray_widget/systray.py:470]: Saving state to disk
2026-02-28 23:55:28,087 [DEBUG] [MainThread] [systray_widget/systray.py:474]: Saving state to C:\Users\ahmadinne\AppData\Local\YASB\systray_state_XILINXINCMIMONITOR5790020029475.json
2026-02-28 23:55:28,089 [DEBUG] [MainThread] [systray_widget/utils.py:97]: Destroying window 1443424
2026-02-28 23:55:28,089 [DEBUG] [MainThread] [systray_widget/utils.py:97]: Destroying window 1443424
2026-02-28 23:55:28,436 [INFO] [MainThread] [root/log.py:95]: YASB v1.9.0
2026-02-28 23:55:28,437 [INFO] [CLIPipeServer] [cli_server/cli_server.py:215]: CLI server started v1.1.6
2026-02-28 23:55:28,437 [INFO] [MainThread] [cli_server/cli_server.py:106]: Log pipe server started
2026-02-28 23:55:28,459 [DEBUG] [MainThread] [qasync._windows._EventPoller/_windows.py:215]: Starting (proactor: <_IocpProactor overlapped#=0 result#=0>)...
2026-02-28 23:55:28,459 [DEBUG] [Dummy-3] [qasync._windows._EventWorker/_windows.py:195]: Thread started
2026-02-28 23:55:28,589 [INFO] [MainThread] [root/service.py:52]: AudioOutputService starting...
2026-02-28 23:55:28,929 [INFO] [MainThread] [root/watcher.py:65]: Watching directory: c:\users\ahmadinne\.config\yasb
2026-02-28 23:55:28,929 [INFO] [MainThread] [root/watcher.py:65]: Watching directory: c:\users\ahmadinne\.config\yasb\menu
2026-02-28 23:55:28,929 [INFO] [MainThread] [root/watcher.py:104]: Created file watcher
2026-02-28 23:55:28,948 [INFO] [MainThread] [root/update_service.py:429]: Background update checker started
2026-02-28 23:55:28,963 [DEBUG] [MainThread] [systray_widget/systray.py:492]: Loading state from C:\Users\ahmadinne\AppData\Local\YASB\systray_state_XILINXINCMIMONITOR5790020029475.json
2026-02-28 23:55:28,965 [DEBUG] [SystrayMonitor] [systray_widget/systray.py:57]: Systray thread is starting...
2026-02-28 23:55:28,988 [DEBUG] [MainThread] [systray_widget/systray.py:243]: Systray thread started
2026-02-28 23:55:29,191 [DEBUG] [SystrayMonitor] [systray_widget/systray_monitor.py:168]: Adding TaskbandHWND prop to hwnd 3147066
2026-02-28 23:55:29,193 [DEBUG] [SystrayMonitor] [systray_widget/systray_monitor.py:246]: Finding real tray hwnd
2026-02-28 23:55:29,198 [DEBUG] [MainThread] [systray_widget/systray_monitor.py:160]: Sending TaskbarCreated message: 49249
2026-02-28 23:56:10,082 [INFO] [CLIPipeServer] [cli_server/cli_server.py:256]: CLI server received command: reload
2026-02-28 23:56:10,083 [INFO] [CLIPipeServer] [root/controller.py:15]: Reloading Application from CLI...
2026-02-28 23:56:10,186 [INFO] [CLIPipeServer] [cli_server/cli_server.py:114]: Log pipe server stopped
2026-02-28 23:56:10,187 [DEBUG] [CLIPipeServer] [cli_server/cli_server.py:209]: CLI server stopped
2026-02-28 23:56:10,208 [DEBUG] [MainThread] [systray_widget/systray.py:470]: Saving state to disk
2026-02-28 23:56:10,209 [DEBUG] [MainThread] [systray_widget/systray.py:474]: Saving state to C:\Users\ahmadinne\AppData\Local\YASB\systray_state_XILINXINCMIMONITOR5790020029475.json
2026-02-28 23:56:10,210 [DEBUG] [MainThread] [systray_widget/utils.py:97]: Destroying window 3147066
2026-02-28 23:56:10,211 [DEBUG] [MainThread] [systray_widget/utils.py:97]: Destroying window 3147066
2026-02-28 23:56:10,589 [INFO] [MainThread] [root/log.py:95]: YASB v1.9.0
2026-02-28 23:56:10,589 [INFO] [CLIPipeServer] [cli_server/cli_server.py:215]: CLI server started v1.1.6
2026-02-28 23:56:10,590 [INFO] [MainThread] [cli_server/cli_server.py:106]: Log pipe server started
2026-02-28 23:56:10,614 [DEBUG] [MainThread] [qasync._windows._EventPoller/_windows.py:215]: Starting (proactor: <_IocpProactor overlapped#=0 result#=0>)...
2026-02-28 23:56:10,614 [DEBUG] [Dummy-3] [qasync._windows._EventWorker/_windows.py:195]: Thread started
2026-02-28 23:56:10,747 [INFO] [MainThread] [root/service.py:52]: AudioOutputService starting...
2026-02-28 23:56:11,102 [INFO] [MainThread] [root/watcher.py:65]: Watching directory: c:\users\ahmadinne\.config\yasb
2026-02-28 23:56:11,102 [INFO] [MainThread] [root/watcher.py:65]: Watching directory: c:\users\ahmadinne\.config\yasb\menu
2026-02-28 23:56:11,103 [INFO] [MainThread] [root/watcher.py:104]: Created file watcher
2026-02-28 23:56:11,120 [INFO] [MainThread] [root/update_service.py:429]: Background update checker started
2026-02-28 23:56:11,136 [DEBUG] [MainThread] [systray_widget/systray.py:492]: Loading state from C:\Users\ahmadinne\AppData\Local\YASB\systray_state_XILINXINCMIMONITOR5790020029475.json
2026-02-28 23:56:11,137 [DEBUG] [SystrayMonitor] [systray_widget/systray.py:57]: Systray thread is starting...
2026-02-28 23:56:11,152 [DEBUG] [MainThread] [systray_widget/systray.py:243]: Systray thread started
2026-02-28 23:56:11,354 [DEBUG] [SystrayMonitor] [systray_widget/systray_monitor.py:168]: Adding TaskbandHWND prop to hwnd 22349448
2026-02-28 23:56:11,357 [DEBUG] [SystrayMonitor] [systray_widget/systray_monitor.py:246]: Finding real tray hwnd
2026-02-28 23:56:11,361 [DEBUG] [MainThread] [systray_widget/systray_monitor.py:160]: Sending TaskbarCreated message: 49249
2026-02-28 23:56:27,826 [INFO] [CLIPipeServer] [cli_server/cli_server.py:256]: CLI server received command: reload
2026-02-28 23:56:27,827 [INFO] [CLIPipeServer] [root/controller.py:15]: Reloading Application from CLI...
2026-02-28 23:56:27,935 [INFO] [CLIPipeServer] [cli_server/cli_server.py:114]: Log pipe server stopped
2026-02-28 23:56:27,935 [DEBUG] [CLIPipeServer] [cli_server/cli_server.py:209]: CLI server stopped
2026-02-28 23:56:27,952 [DEBUG] [MainThread] [systray_widget/systray.py:470]: Saving state to disk
2026-02-28 23:56:27,952 [DEBUG] [MainThread] [systray_widget/systray.py:474]: Saving state to C:\Users\ahmadinne\AppData\Local\YASB\systray_state_XILINXINCMIMONITOR5790020029475.json
2026-02-28 23:56:27,953 [DEBUG] [MainThread] [systray_widget/utils.py:97]: Destroying window 22349448
2026-02-28 23:56:27,954 [DEBUG] [MainThread] [systray_widget/utils.py:97]: Destroying window 22349448
2026-02-28 23:56:28,322 [INFO] [MainThread] [root/log.py:95]: YASB v1.9.0
2026-02-28 23:56:28,322 [INFO] [CLIPipeServer] [cli_server/cli_server.py:215]: CLI server started v1.1.6
2026-02-28 23:56:28,323 [INFO] [MainThread] [cli_server/cli_server.py:106]: Log pipe server started
2026-02-28 23:56:28,349 [DEBUG] [MainThread] [qasync._windows._EventPoller/_windows.py:215]: Starting (proactor: <_IocpProactor overlapped#=0 result#=0>)...
2026-02-28 23:56:28,349 [DEBUG] [Dummy-3] [qasync._windows._EventWorker/_windows.py:195]: Thread started
2026-02-28 23:56:28,513 [INFO] [MainThread] [root/service.py:52]: AudioOutputService starting...
2026-02-28 23:56:28,930 [INFO] [MainThread] [root/watcher.py:65]: Watching directory: c:\users\ahmadinne\.config\yasb
2026-02-28 23:56:28,930 [INFO] [MainThread] [root/watcher.py:65]: Watching directory: c:\users\ahmadinne\.config\yasb\menu
2026-02-28 23:56:28,930 [INFO] [MainThread] [root/watcher.py:104]: Created file watcher
2026-02-28 23:56:28,950 [INFO] [MainThread] [root/update_service.py:429]: Background update checker started
2026-02-28 23:56:28,965 [DEBUG] [MainThread] [systray_widget/systray.py:492]: Loading state from C:\Users\ahmadinne\AppData\Local\YASB\systray_state_XILINXINCMIMONITOR5790020029475.json
2026-02-28 23:56:28,966 [DEBUG] [SystrayMonitor] [systray_widget/systray.py:57]: Systray thread is starting...
2026-02-28 23:56:28,986 [DEBUG] [MainThread] [systray_widget/systray.py:243]: Systray thread started
2026-02-28 23:56:29,187 [DEBUG] [SystrayMonitor] [systray_widget/systray_monitor.py:168]: Adding TaskbandHWND prop to hwnd 526128
2026-02-28 23:56:29,190 [DEBUG] [SystrayMonitor] [systray_widget/systray_monitor.py:246]: Finding real tray hwnd
2026-02-28 23:56:29,196 [DEBUG] [MainThread] [systray_widget/systray_monitor.py:160]: Sending TaskbarCreated message: 49249
2026-02-28 23:58:19,248 [INFO] [CLIPipeServer] [cli_server/cli_server.py:256]: CLI server received command: reload
2026-02-28 23:58:19,249 [INFO] [CLIPipeServer] [root/controller.py:15]: Reloading Application from CLI...
2026-02-28 23:58:19,361 [INFO] [CLIPipeServer] [cli_server/cli_server.py:114]: Log pipe server stopped
2026-02-28 23:58:19,361 [DEBUG] [CLIPipeServer] [cli_server/cli_server.py:209]: CLI server stopped
2026-02-28 23:58:19,385 [DEBUG] [MainThread] [systray_widget/systray.py:470]: Saving state to disk
2026-02-28 23:58:19,386 [DEBUG] [MainThread] [systray_widget/systray.py:474]: Saving state to C:\Users\ahmadinne\AppData\Local\YASB\systray_state_XILINXINCMIMONITOR5790020029475.json
2026-02-28 23:58:19,387 [DEBUG] [MainThread] [systray_widget/utils.py:97]: Destroying window 526128
2026-02-28 23:58:19,387 [DEBUG] [MainThread] [systray_widget/utils.py:97]: Destroying window 526128
2026-02-28 23:58:19,756 [INFO] [MainThread] [root/log.py:95]: YASB v1.9.0
2026-02-28 23:58:19,757 [INFO] [CLIPipeServer] [cli_server/cli_server.py:215]: CLI server started v1.1.6
2026-02-28 23:58:19,758 [INFO] [MainThread] [cli_server/cli_server.py:106]: Log pipe server started
2026-02-28 23:58:19,781 [DEBUG] [MainThread] [qasync._windows._EventPoller/_windows.py:215]: Starting (proactor: <_IocpProactor overlapped#=0 result#=0>)...
2026-02-28 23:58:19,782 [DEBUG] [Dummy-3] [qasync._windows._EventWorker/_windows.py:195]: Thread started
2026-02-28 23:58:19,910 [INFO] [MainThread] [root/service.py:52]: AudioOutputService starting...
2026-02-28 23:58:20,260 [INFO] [MainThread] [root/watcher.py:65]: Watching directory: c:\users\ahmadinne\.config\yasb\menu
2026-02-28 23:58:20,260 [INFO] [MainThread] [root/watcher.py:65]: Watching directory: c:\users\ahmadinne\.config\yasb
2026-02-28 23:58:20,260 [INFO] [MainThread] [root/watcher.py:104]: Created file watcher
2026-02-28 23:58:20,278 [INFO] [MainThread] [root/update_service.py:429]: Background update checker started
2026-02-28 23:58:20,294 [DEBUG] [MainThread] [systray_widget/systray.py:492]: Loading state from C:\Users\ahmadinne\AppData\Local\YASB\systray_state_XILINXINCMIMONITOR5790020029475.json
2026-02-28 23:58:20,296 [DEBUG] [SystrayMonitor] [systray_widget/systray.py:57]: Systray thread is starting...
2026-02-28 23:58:20,312 [DEBUG] [MainThread] [systray_widget/systray.py:243]: Systray thread started
2026-02-28 23:58:20,513 [DEBUG] [SystrayMonitor] [systray_widget/systray_monitor.py:168]: Adding TaskbandHWND prop to hwnd 1705568
2026-02-28 23:58:20,516 [DEBUG] [SystrayMonitor] [systray_widget/systray_monitor.py:246]: Finding real tray hwnd
2026-02-28 23:58:20,521 [DEBUG] [MainThread] [systray_widget/systray_monitor.py:160]: Sending TaskbarCreated message: 49249
2026-02-28 23:59:18,694 [INFO] [CLIPipeServer] [cli_server/cli_server.py:256]: CLI server received command: reload
2026-02-28 23:59:18,695 [INFO] [CLIPipeServer] [root/controller.py:15]: Reloading Application from CLI...
2026-02-28 23:59:18,804 [INFO] [CLIPipeServer] [cli_server/cli_server.py:114]: Log pipe server stopped
2026-02-28 23:59:18,805 [DEBUG] [CLIPipeServer] [cli_server/cli_server.py:209]: CLI server stopped
2026-02-28 23:59:18,822 [DEBUG] [MainThread] [systray_widget/systray.py:470]: Saving state to disk
2026-02-28 23:59:18,823 [DEBUG] [MainThread] [systray_widget/systray.py:474]: Saving state to C:\Users\ahmadinne\AppData\Local\YASB\systray_state_XILINXINCMIMONITOR5790020029475.json
2026-02-28 23:59:18,824 [DEBUG] [MainThread] [systray_widget/utils.py:97]: Destroying window 1705568
2026-02-28 23:59:18,825 [DEBUG] [MainThread] [systray_widget/utils.py:97]: Destroying window 1705568
2026-02-28 23:59:19,209 [INFO] [MainThread] [root/log.py:95]: YASB v1.9.0
2026-02-28 23:59:19,210 [INFO] [CLIPipeServer] [cli_server/cli_server.py:215]: CLI server started v1.1.6
2026-02-28 23:59:19,210 [INFO] [MainThread] [cli_server/cli_server.py:106]: Log pipe server started
2026-02-28 23:59:19,235 [DEBUG] [MainThread] [qasync._windows._EventPoller/_windows.py:215]: Starting (proactor: <_IocpProactor overlapped#=0 result#=0>)...
2026-02-28 23:59:19,235 [DEBUG] [Dummy-3] [qasync._windows._EventWorker/_windows.py:195]: Thread started
2026-02-28 23:59:19,375 [INFO] [MainThread] [root/service.py:52]: AudioOutputService starting...
2026-02-28 23:59:19,778 [INFO] [MainThread] [root/watcher.py:65]: Watching directory: c:\users\ahmadinne\.config\yasb
2026-02-28 23:59:19,778 [INFO] [MainThread] [root/watcher.py:65]: Watching directory: c:\users\ahmadinne\.config\yasb\menu
2026-02-28 23:59:19,779 [INFO] [MainThread] [root/watcher.py:104]: Created file watcher
2026-02-28 23:59:19,797 [INFO] [MainThread] [root/update_service.py:429]: Background update checker started
2026-02-28 23:59:19,814 [DEBUG] [MainThread] [systray_widget/systray.py:492]: Loading state from C:\Users\ahmadinne\AppData\Local\YASB\systray_state_XILINXINCMIMONITOR5790020029475.json
2026-02-28 23:59:19,816 [DEBUG] [SystrayMonitor] [systray_widget/systray.py:57]: Systray thread is starting...
2026-02-28 23:59:19,838 [DEBUG] [MainThread] [systray_widget/systray.py:243]: Systray thread started
2026-02-28 23:59:20,039 [DEBUG] [SystrayMonitor] [systray_widget/systray_monitor.py:168]: Adding TaskbandHWND prop to hwnd 7472462
2026-02-28 23:59:20,042 [DEBUG] [SystrayMonitor] [systray_widget/systray_monitor.py:246]: Finding real tray hwnd
2026-02-28 23:59:20,049 [DEBUG] [MainThread] [systray_widget/systray_monitor.py:160]: Sending TaskbarCreated message: 49249
2026-02-28 23:59:48,354 [INFO] [CLIPipeServer] [cli_server/cli_server.py:256]: CLI server received command: reload
2026-02-28 23:59:48,354 [INFO] [CLIPipeServer] [root/controller.py:15]: Reloading Application from CLI...
2026-02-28 23:59:48,462 [INFO] [CLIPipeServer] [cli_server/cli_server.py:114]: Log pipe server stopped
2026-02-28 23:59:48,462 [DEBUG] [CLIPipeServer] [cli_server/cli_server.py:209]: CLI server stopped
2026-02-28 23:59:48,482 [DEBUG] [MainThread] [systray_widget/systray.py:470]: Saving state to disk
2026-02-28 23:59:48,483 [DEBUG] [MainThread] [systray_widget/systray.py:474]: Saving state to C:\Users\ahmadinne\AppData\Local\YASB\systray_state_XILINXINCMIMONITOR5790020029475.json
2026-02-28 23:59:48,485 [DEBUG] [MainThread] [systray_widget/utils.py:97]: Destroying window 7472462
2026-02-28 23:59:48,486 [DEBUG] [MainThread] [systray_widget/utils.py:97]: Destroying window 7472462
2026-02-28 23:59:48,850 [INFO] [MainThread] [root/log.py:95]: YASB v1.9.0
2026-02-28 23:59:48,850 [INFO] [CLIPipeServer] [cli_server/cli_server.py:215]: CLI server started v1.1.6
2026-02-28 23:59:48,851 [INFO] [MainThread] [cli_server/cli_server.py:106]: Log pipe server started
2026-02-28 23:59:48,874 [DEBUG] [MainThread] [qasync._windows._EventPoller/_windows.py:215]: Starting (proactor: <_IocpProactor overlapped#=0 result#=0>)...
2026-02-28 23:59:48,874 [DEBUG] [Dummy-3] [qasync._windows._EventWorker/_windows.py:195]: Thread started
2026-02-28 23:59:49,009 [INFO] [MainThread] [root/service.py:52]: AudioOutputService starting...
2026-02-28 23:59:49,367 [INFO] [MainThread] [root/watcher.py:65]: Watching directory: c:\users\ahmadinne\.config\yasb\menu
2026-02-28 23:59:49,368 [INFO] [MainThread] [root/watcher.py:65]: Watching directory: c:\users\ahmadinne\.config\yasb
2026-02-28 23:59:49,368 [INFO] [MainThread] [root/watcher.py:104]: Created file watcher
2026-02-28 23:59:49,390 [INFO] [MainThread] [root/update_service.py:429]: Background update checker started
2026-02-28 23:59:49,408 [DEBUG] [MainThread] [systray_widget/systray.py:492]: Loading state from C:\Users\ahmadinne\AppData\Local\YASB\systray_state_XILINXINCMIMONITOR5790020029475.json
2026-02-28 23:59:49,409 [DEBUG] [SystrayMonitor] [systray_widget/systray.py:57]: Systray thread is starting...
2026-02-28 23:59:49,427 [DEBUG] [MainThread] [systray_widget/systray.py:243]: Systray thread started
2026-02-28 23:59:49,637 [DEBUG] [SystrayMonitor] [systray_widget/systray_monitor.py:168]: Adding TaskbandHWND prop to hwnd 1640166
2026-02-28 23:59:49,645 [DEBUG] [SystrayMonitor] [systray_widget/systray_monitor.py:246]: Finding real tray hwnd
2026-02-28 23:59:49,661 [DEBUG] [MainThread] [systray_widget/systray_monitor.py:160]: Sending TaskbarCreated message: 49249
2026-03-01 00:00:16,721 [INFO] [CLIPipeServer] [cli_server/cli_server.py:256]: CLI server received command: reload
2026-03-01 00:00:16,721 [INFO] [CLIPipeServer] [root/controller.py:15]: Reloading Application from CLI...
2026-03-01 00:00:16,830 [INFO] [CLIPipeServer] [cli_server/cli_server.py:114]: Log pipe server stopped
2026-03-01 00:00:16,830 [DEBUG] [CLIPipeServer] [cli_server/cli_server.py:209]: CLI server stopped
2026-03-01 00:00:16,855 [DEBUG] [MainThread] [systray_widget/systray.py:470]: Saving state to disk
2026-03-01 00:00:16,856 [DEBUG] [MainThread] [systray_widget/systray.py:474]: Saving state to C:\Users\ahmadinne\AppData\Local\YASB\systray_state_XILINXINCMIMONITOR5790020029475.json
2026-03-01 00:00:16,857 [DEBUG] [MainThread] [systray_widget/utils.py:97]: Destroying window 1640166
2026-03-01 00:00:16,858 [DEBUG] [MainThread] [systray_widget/utils.py:97]: Destroying window 1640166
2026-03-01 00:00:17,234 [INFO] [MainThread] [root/log.py:95]: YASB v1.9.0
2026-03-01 00:00:17,234 [INFO] [CLIPipeServer] [cli_server/cli_server.py:215]: CLI server started v1.1.6
2026-03-01 00:00:17,235 [INFO] [MainThread] [cli_server/cli_server.py:106]: Log pipe server started
2026-03-01 00:00:17,259 [DEBUG] [MainThread] [qasync._windows._EventPoller/_windows.py:215]: Starting (proactor: <_IocpProactor overlapped#=0 result#=0>)...
2026-03-01 00:00:17,259 [DEBUG] [Dummy-3] [qasync._windows._EventWorker/_windows.py:195]: Thread started
2026-03-01 00:00:17,387 [INFO] [MainThread] [root/service.py:52]: AudioOutputService starting...
2026-03-01 00:00:17,725 [INFO] [MainThread] [root/watcher.py:65]: Watching directory: c:\users\ahmadinne\.config\yasb
2026-03-01 00:00:17,726 [INFO] [MainThread] [root/watcher.py:65]: Watching directory: c:\users\ahmadinne\.config\yasb\menu
2026-03-01 00:00:17,726 [INFO] [MainThread] [root/watcher.py:104]: Created file watcher
2026-03-01 00:00:17,743 [INFO] [MainThread] [root/update_service.py:429]: Background update checker started
2026-03-01 00:00:17,757 [DEBUG] [MainThread] [systray_widget/systray.py:492]: Loading state from C:\Users\ahmadinne\AppData\Local\YASB\systray_state_XILINXINCMIMONITOR5790020029475.json
2026-03-01 00:00:17,759 [DEBUG] [SystrayMonitor] [systray_widget/systray.py:57]: Systray thread is starting...
2026-03-01 00:00:17,772 [DEBUG] [MainThread] [systray_widget/systray.py:243]: Systray thread started
2026-03-01 00:00:17,973 [DEBUG] [SystrayMonitor] [systray_widget/systray_monitor.py:168]: Adding TaskbandHWND prop to hwnd 3474206
2026-03-01 00:00:17,976 [DEBUG] [SystrayMonitor] [systray_widget/systray_monitor.py:246]: Finding real tray hwnd
2026-03-01 00:00:17,982 [DEBUG] [MainThread] [systray_widget/systray_monitor.py:160]: Sending TaskbarCreated message: 49249
2026-03-01 00:03:08,281 [INFO] [CLIPipeServer] [cli_server/cli_server.py:256]: CLI server received command: reload
2026-03-01 00:03:08,282 [INFO] [CLIPipeServer] [root/controller.py:15]: Reloading Application from CLI...
2026-03-01 00:03:08,397 [INFO] [CLIPipeServer] [cli_server/cli_server.py:114]: Log pipe server stopped
2026-03-01 00:03:08,397 [DEBUG] [CLIPipeServer] [cli_server/cli_server.py:209]: CLI server stopped
2026-03-01 00:03:08,433 [DEBUG] [MainThread] [systray_widget/systray.py:470]: Saving state to disk
2026-03-01 00:03:08,434 [DEBUG] [MainThread] [systray_widget/systray.py:474]: Saving state to C:\Users\ahmadinne\AppData\Local\YASB\systray_state_XILINXINCMIMONITOR5790020029475.json
2026-03-01 00:03:08,435 [DEBUG] [MainThread] [systray_widget/utils.py:97]: Destroying window 3474206
2026-03-01 00:03:08,436 [DEBUG] [MainThread] [systray_widget/utils.py:97]: Destroying window 3474206
2026-03-01 00:03:08,825 [INFO] [MainThread] [root/log.py:95]: YASB v1.9.0
2026-03-01 00:03:08,826 [INFO] [CLIPipeServer] [cli_server/cli_server.py:215]: CLI server started v1.1.6
2026-03-01 00:03:08,827 [INFO] [MainThread] [cli_server/cli_server.py:106]: Log pipe server started
2026-03-01 00:03:08,853 [DEBUG] [MainThread] [qasync._windows._EventPoller/_windows.py:215]: Starting (proactor: <_IocpProactor overlapped#=0 result#=0>)...
2026-03-01 00:03:08,855 [DEBUG] [Dummy-3] [qasync._windows._EventWorker/_windows.py:195]: Thread started
2026-03-01 00:03:09,000 [INFO] [MainThread] [root/service.py:52]: AudioOutputService starting...
2026-03-01 00:03:09,318 [INFO] [MainThread] [root/watcher.py:65]: Watching directory: c:\users\ahmadinne\.config\yasb
2026-03-01 00:03:09,318 [INFO] [MainThread] [root/watcher.py:65]: Watching directory: c:\users\ahmadinne\.config\yasb\menu
2026-03-01 00:03:09,318 [INFO] [MainThread] [root/watcher.py:104]: Created file watcher
2026-03-01 00:03:09,336 [INFO] [MainThread] [root/update_service.py:429]: Background update checker started
2026-03-01 00:03:09,351 [DEBUG] [MainThread] [systray_widget/systray.py:492]: Loading state from C:\Users\ahmadinne\AppData\Local\YASB\systray_state_XILINXINCMIMONITOR5790020029475.json
2026-03-01 00:03:09,352 [DEBUG] [SystrayMonitor] [systray_widget/systray.py:57]: Systray thread is starting...
2026-03-01 00:03:09,369 [DEBUG] [MainThread] [systray_widget/systray.py:243]: Systray thread started
2026-03-01 00:03:09,570 [DEBUG] [SystrayMonitor] [systray_widget/systray_monitor.py:168]: Adding TaskbandHWND prop to hwnd 1312414
2026-03-01 00:03:09,573 [DEBUG] [SystrayMonitor] [systray_widget/systray_monitor.py:246]: Finding real tray hwnd
2026-03-01 00:03:09,577 [DEBUG] [MainThread] [systray_widget/systray_monitor.py:160]: Sending TaskbarCreated message: 49249
2026-03-01 00:04:08,536 [INFO] [CLIPipeServer] [cli_server/cli_server.py:256]: CLI server received command: reload
2026-03-01 00:04:08,536 [INFO] [CLIPipeServer] [root/controller.py:15]: Reloading Application from CLI...
2026-03-01 00:04:08,648 [INFO] [CLIPipeServer] [cli_server/cli_server.py:114]: Log pipe server stopped
2026-03-01 00:04:08,648 [DEBUG] [CLIPipeServer] [cli_server/cli_server.py:209]: CLI server stopped
2026-03-01 00:04:08,688 [DEBUG] [MainThread] [systray_widget/systray.py:470]: Saving state to disk
2026-03-01 00:04:08,689 [DEBUG] [MainThread] [systray_widget/systray.py:474]: Saving state to C:\Users\ahmadinne\AppData\Local\YASB\systray_state_XILINXINCMIMONITOR5790020029475.json
2026-03-01 00:04:08,690 [DEBUG] [MainThread] [systray_widget/utils.py:97]: Destroying window 1312414
2026-03-01 00:04:08,690 [DEBUG] [MainThread] [systray_widget/utils.py:97]: Destroying window 1312414
2026-03-01 00:04:09,061 [INFO] [MainThread] [root/log.py:95]: YASB v1.9.0
2026-03-01 00:04:09,061 [INFO] [CLIPipeServer] [cli_server/cli_server.py:215]: CLI server started v1.1.6
2026-03-01 00:04:09,062 [INFO] [MainThread] [cli_server/cli_server.py:106]: Log pipe server started
2026-03-01 00:04:09,084 [DEBUG] [MainThread] [qasync._windows._EventPoller/_windows.py:215]: Starting (proactor: <_IocpProactor overlapped#=0 result#=0>)...
2026-03-01 00:04:09,085 [DEBUG] [Dummy-3] [qasync._windows._EventWorker/_windows.py:195]: Thread started
2026-03-01 00:04:09,225 [INFO] [MainThread] [root/service.py:52]: AudioOutputService starting...
2026-03-01 00:04:09,549 [INFO] [MainThread] [root/watcher.py:65]: Watching directory: c:\users\ahmadinne\.config\yasb\menu
2026-03-01 00:04:09,549 [INFO] [MainThread] [root/watcher.py:65]: Watching directory: c:\users\ahmadinne\.config\yasb
2026-03-01 00:04:09,549 [INFO] [MainThread] [root/watcher.py:104]: Created file watcher
2026-03-01 00:04:09,568 [INFO] [MainThread] [root/update_service.py:429]: Background update checker started
2026-03-01 00:04:09,582 [DEBUG] [MainThread] [systray_widget/systray.py:492]: Loading state from C:\Users\ahmadinne\AppData\Local\YASB\systray_state_XILINXINCMIMONITOR5790020029475.json
2026-03-01 00:04:09,584 [DEBUG] [SystrayMonitor] [systray_widget/systray.py:57]: Systray thread is starting...
2026-03-01 00:04:09,603 [DEBUG] [MainThread] [systray_widget/systray.py:243]: Systray thread started
2026-03-01 00:04:09,804 [DEBUG] [SystrayMonitor] [systray_widget/systray_monitor.py:168]: Adding TaskbandHWND prop to hwnd 1836774
2026-03-01 00:04:09,807 [DEBUG] [SystrayMonitor] [systray_widget/systray_monitor.py:246]: Finding real tray hwnd
2026-03-01 00:04:09,813 [DEBUG] [MainThread] [systray_widget/systray_monitor.py:160]: Sending TaskbarCreated message: 49249
2026-03-01 00:07:45,223 [INFO] [CLIPipeServer] [cli_server/cli_server.py:256]: CLI server received command: reload
2026-03-01 00:07:45,224 [INFO] [CLIPipeServer] [root/controller.py:15]: Reloading Application from CLI...
2026-03-01 00:07:45,332 [INFO] [CLIPipeServer] [cli_server/cli_server.py:114]: Log pipe server stopped
2026-03-01 00:07:45,333 [DEBUG] [CLIPipeServer] [cli_server/cli_server.py:209]: CLI server stopped
2026-03-01 00:07:45,362 [DEBUG] [MainThread] [systray_widget/systray.py:470]: Saving state to disk
2026-03-01 00:07:45,363 [DEBUG] [MainThread] [systray_widget/systray.py:474]: Saving state to C:\Users\ahmadinne\AppData\Local\YASB\systray_state_XILINXINCMIMONITOR5790020029475.json
2026-03-01 00:07:45,364 [DEBUG] [MainThread] [systray_widget/utils.py:97]: Destroying window 1836774
2026-03-01 00:07:45,365 [DEBUG] [MainThread] [systray_widget/utils.py:97]: Destroying window 1836774
2026-03-01 00:07:45,767 [INFO] [MainThread] [root/log.py:95]: YASB v1.9.0
2026-03-01 00:07:45,768 [INFO] [CLIPipeServer] [cli_server/cli_server.py:215]: CLI server started v1.1.6
2026-03-01 00:07:45,768 [INFO] [MainThread] [cli_server/cli_server.py:106]: Log pipe server started
2026-03-01 00:07:45,795 [DEBUG] [MainThread] [qasync._windows._EventPoller/_windows.py:215]: Starting (proactor: <_IocpProactor overlapped#=0 result#=0>)...
2026-03-01 00:07:45,796 [DEBUG] [Dummy-3] [qasync._windows._EventWorker/_windows.py:195]: Thread started
2026-03-01 00:07:45,929 [INFO] [MainThread] [root/service.py:52]: AudioOutputService starting...
2026-03-01 00:07:46,271 [INFO] [MainThread] [root/watcher.py:65]: Watching directory: c:\users\ahmadinne\.config\yasb
2026-03-01 00:07:46,271 [INFO] [MainThread] [root/watcher.py:65]: Watching directory: c:\users\ahmadinne\.config\yasb\menu
2026-03-01 00:07:46,271 [INFO] [MainThread] [root/watcher.py:104]: Created file watcher
2026-03-01 00:07:46,290 [INFO] [MainThread] [root/update_service.py:429]: Background update checker started
2026-03-01 00:07:46,320 [DEBUG] [MainThread] [systray_widget/systray.py:492]: Loading state from C:\Users\ahmadinne\AppData\Local\YASB\systray_state_XILINXINCMIMONITOR5790020029475.json
2026-03-01 00:07:46,323 [DEBUG] [SystrayMonitor] [systray_widget/systray.py:57]: Systray thread is starting...
2026-03-01 00:07:46,351 [DEBUG] [MainThread] [systray_widget/systray.py:243]: Systray thread started
2026-03-01 00:07:46,552 [DEBUG] [SystrayMonitor] [systray_widget/systray_monitor.py:168]: Adding TaskbandHWND prop to hwnd 4654588
2026-03-01 00:07:46,555 [DEBUG] [SystrayMonitor] [systray_widget/systray_monitor.py:246]: Finding real tray hwnd
2026-03-01 00:07:46,561 [DEBUG] [MainThread] [systray_widget/systray_monitor.py:160]: Sending TaskbarCreated message: 49249
2026-03-01 00:08:31,909 [INFO] [CLIPipeServer] [cli_server/cli_server.py:256]: CLI server received command: reload
2026-03-01 00:08:31,910 [INFO] [CLIPipeServer] [root/controller.py:15]: Reloading Application from CLI...
2026-03-01 00:08:32,021 [INFO] [CLIPipeServer] [cli_server/cli_server.py:114]: Log pipe server stopped
2026-03-01 00:08:32,021 [DEBUG] [CLIPipeServer] [cli_server/cli_server.py:209]: CLI server stopped
2026-03-01 00:08:32,039 [DEBUG] [MainThread] [systray_widget/systray.py:470]: Saving state to disk
2026-03-01 00:08:32,040 [DEBUG] [MainThread] [systray_widget/systray.py:474]: Saving state to C:\Users\ahmadinne\AppData\Local\YASB\systray_state_XILINXINCMIMONITOR5790020029475.json
2026-03-01 00:08:32,041 [DEBUG] [MainThread] [systray_widget/utils.py:97]: Destroying window 4654588
2026-03-01 00:08:32,041 [DEBUG] [MainThread] [systray_widget/utils.py:97]: Destroying window 4654588
2026-03-01 00:08:32,382 [INFO] [MainThread] [root/log.py:95]: YASB v1.9.0
2026-03-01 00:08:32,382 [INFO] [CLIPipeServer] [cli_server/cli_server.py:215]: CLI server started v1.1.6
2026-03-01 00:08:32,383 [INFO] [MainThread] [cli_server/cli_server.py:106]: Log pipe server started
2026-03-01 00:08:32,406 [DEBUG] [MainThread] [qasync._windows._EventPoller/_windows.py:215]: Starting (proactor: <_IocpProactor overlapped#=0 result#=0>)...
2026-03-01 00:08:32,407 [DEBUG] [Dummy-3] [qasync._windows._EventWorker/_windows.py:195]: Thread started
2026-03-01 00:08:32,536 [INFO] [MainThread] [root/service.py:52]: AudioOutputService starting...
2026-03-01 00:08:32,892 [INFO] [MainThread] [root/watcher.py:65]: Watching directory: c:\users\ahmadinne\.config\yasb
2026-03-01 00:08:32,892 [INFO] [MainThread] [root/watcher.py:65]: Watching directory: c:\users\ahmadinne\.config\yasb\menu
2026-03-01 00:08:32,892 [INFO] [MainThread] [root/watcher.py:104]: Created file watcher
2026-03-01 00:08:32,912 [INFO] [MainThread] [root/update_service.py:429]: Background update checker started
2026-03-01 00:08:32,928 [DEBUG] [MainThread] [systray_widget/systray.py:492]: Loading state from C:\Users\ahmadinne\AppData\Local\YASB\systray_state_XILINXINCMIMONITOR5790020029475.json
2026-03-01 00:08:32,931 [DEBUG] [SystrayMonitor] [systray_widget/systray.py:57]: Systray thread is starting...
2026-03-01 00:08:32,949 [DEBUG] [MainThread] [systray_widget/systray.py:243]: Systray thread started
2026-03-01 00:08:33,150 [DEBUG] [SystrayMonitor] [systray_widget/systray_monitor.py:168]: Adding TaskbandHWND prop to hwnd 9897434
2026-03-01 00:08:33,153 [DEBUG] [SystrayMonitor] [systray_widget/systray_monitor.py:246]: Finding real tray hwnd
2026-03-01 00:08:33,160 [DEBUG] [MainThread] [systray_widget/systray_monitor.py:160]: Sending TaskbarCreated message: 49249
2026-03-01 00:10:56,455 [INFO] [CLIPipeServer] [cli_server/cli_server.py:256]: CLI server received command: reload
2026-03-01 00:10:56,456 [INFO] [CLIPipeServer] [root/controller.py:15]: Reloading Application from CLI...
2026-03-01 00:10:56,571 [INFO] [CLIPipeServer] [cli_server/cli_server.py:114]: Log pipe server stopped
2026-03-01 00:10:56,572 [DEBUG] [CLIPipeServer] [cli_server/cli_server.py:209]: CLI server stopped
2026-03-01 00:10:56,594 [DEBUG] [MainThread] [systray_widget/systray.py:470]: Saving state to disk
2026-03-01 00:10:56,595 [DEBUG] [MainThread] [systray_widget/systray.py:474]: Saving state to C:\Users\ahmadinne\AppData\Local\YASB\systray_state_XILINXINCMIMONITOR5790020029475.json
2026-03-01 00:10:56,597 [DEBUG] [MainThread] [systray_widget/utils.py:97]: Destroying window 9897434
2026-03-01 00:10:56,597 [DEBUG] [MainThread] [systray_widget/utils.py:97]: Destroying window 9897434
2026-03-01 00:10:56,960 [INFO] [MainThread] [root/log.py:95]: YASB v1.9.0
2026-03-01 00:10:56,961 [INFO] [CLIPipeServer] [cli_server/cli_server.py:215]: CLI server started v1.1.6
2026-03-01 00:10:56,961 [INFO] [MainThread] [cli_server/cli_server.py:106]: Log pipe server started
2026-03-01 00:10:56,984 [DEBUG] [MainThread] [qasync._windows._EventPoller/_windows.py:215]: Starting (proactor: <_IocpProactor overlapped#=0 result#=0>)...
2026-03-01 00:10:56,985 [DEBUG] [Dummy-3] [qasync._windows._EventWorker/_windows.py:195]: Thread started
2026-03-01 00:10:57,115 [INFO] [MainThread] [root/service.py:52]: AudioOutputService starting...
2026-03-01 00:10:57,459 [INFO] [MainThread] [root/watcher.py:65]: Watching directory: c:\users\ahmadinne\.config\yasb
2026-03-01 00:10:57,459 [INFO] [MainThread] [root/watcher.py:65]: Watching directory: c:\users\ahmadinne\.config\yasb\menu
2026-03-01 00:10:57,459 [INFO] [MainThread] [root/watcher.py:104]: Created file watcher
2026-03-01 00:10:57,476 [INFO] [MainThread] [root/update_service.py:429]: Background update checker started
2026-03-01 00:10:57,490 [DEBUG] [MainThread] [systray_widget/systray.py:492]: Loading state from C:\Users\ahmadinne\AppData\Local\YASB\systray_state_XILINXINCMIMONITOR5790020029475.json
2026-03-01 00:10:57,491 [DEBUG] [SystrayMonitor] [systray_widget/systray.py:57]: Systray thread is starting...
2026-03-01 00:10:57,512 [DEBUG] [MainThread] [systray_widget/systray.py:243]: Systray thread started
2026-03-01 00:10:57,714 [DEBUG] [SystrayMonitor] [systray_widget/systray_monitor.py:168]: Adding TaskbandHWND prop to hwnd 11272386
2026-03-01 00:10:57,717 [DEBUG] [SystrayMonitor] [systray_widget/systray_monitor.py:246]: Finding real tray hwnd
2026-03-01 00:10:57,722 [DEBUG] [MainThread] [systray_widget/systray_monitor.py:160]: Sending TaskbarCreated message: 49249
2026-03-01 00:11:12,018 [INFO] [CLIPipeServer] [cli_server/cli_server.py:256]: CLI server received command: reload
2026-03-01 00:11:12,018 [INFO] [CLIPipeServer] [root/controller.py:15]: Reloading Application from CLI...
2026-03-01 00:11:12,133 [INFO] [CLIPipeServer] [cli_server/cli_server.py:114]: Log pipe server stopped
2026-03-01 00:11:12,134 [DEBUG] [CLIPipeServer] [cli_server/cli_server.py:209]: CLI server stopped
2026-03-01 00:11:12,162 [DEBUG] [MainThread] [systray_widget/systray.py:470]: Saving state to disk
2026-03-01 00:11:12,163 [DEBUG] [MainThread] [systray_widget/systray.py:474]: Saving state to C:\Users\ahmadinne\AppData\Local\YASB\systray_state_XILINXINCMIMONITOR5790020029475.json
2026-03-01 00:11:12,165 [DEBUG] [MainThread] [systray_widget/utils.py:97]: Destroying window 11272386
2026-03-01 00:11:12,165 [DEBUG] [MainThread] [systray_widget/utils.py:97]: Destroying window 11272386
2026-03-01 00:11:12,515 [INFO] [MainThread] [root/log.py:95]: YASB v1.9.0
2026-03-01 00:11:12,516 [INFO] [CLIPipeServer] [cli_server/cli_server.py:215]: CLI server started v1.1.6
2026-03-01 00:11:12,516 [INFO] [MainThread] [cli_server/cli_server.py:106]: Log pipe server started
2026-03-01 00:11:12,539 [DEBUG] [MainThread] [qasync._windows._EventPoller/_windows.py:215]: Starting (proactor: <_IocpProactor overlapped#=0 result#=0>)...
2026-03-01 00:11:12,539 [DEBUG] [Dummy-3] [qasync._windows._EventWorker/_windows.py:195]: Thread started
2026-03-01 00:11:12,672 [INFO] [MainThread] [root/service.py:52]: AudioOutputService starting...
2026-03-01 00:11:13,075 [INFO] [MainThread] [root/watcher.py:65]: Watching directory: c:\users\ahmadinne\.config\yasb
2026-03-01 00:11:13,075 [INFO] [MainThread] [root/watcher.py:65]: Watching directory: c:\users\ahmadinne\.config\yasb\menu
2026-03-01 00:11:13,075 [INFO] [MainThread] [root/watcher.py:104]: Created file watcher
2026-03-01 00:11:13,093 [INFO] [MainThread] [root/update_service.py:429]: Background update checker started
2026-03-01 00:11:13,107 [DEBUG] [MainThread] [systray_widget/systray.py:492]: Loading state from C:\Users\ahmadinne\AppData\Local\YASB\systray_state_XILINXINCMIMONITOR5790020029475.json
2026-03-01 00:11:13,108 [DEBUG] [SystrayMonitor] [systray_widget/systray.py:57]: Systray thread is starting...
2026-03-01 00:11:13,130 [DEBUG] [MainThread] [systray_widget/systray.py:243]: Systray thread started
2026-03-01 00:11:13,331 [DEBUG] [SystrayMonitor] [systray_widget/systray_monitor.py:168]: Adding TaskbandHWND prop to hwnd 4851196
2026-03-01 00:11:13,334 [DEBUG] [SystrayMonitor] [systray_widget/systray_monitor.py:246]: Finding real tray hwnd
2026-03-01 00:11:13,340 [DEBUG] [MainThread] [systray_widget/systray_monitor.py:160]: Sending TaskbarCreated message: 49249
2026-03-01 00:11:46,458 [INFO] [CLIPipeServer] [cli_server/cli_server.py:256]: CLI server received command: reload
2026-03-01 00:11:46,459 [INFO] [CLIPipeServer] [root/controller.py:15]: Reloading Application from CLI...
2026-03-01 00:11:46,575 [INFO] [CLIPipeServer] [cli_server/cli_server.py:114]: Log pipe server stopped
2026-03-01 00:11:46,575 [DEBUG] [CLIPipeServer] [cli_server/cli_server.py:209]: CLI server stopped
2026-03-01 00:11:46,602 [DEBUG] [MainThread] [systray_widget/systray.py:470]: Saving state to disk
2026-03-01 00:11:46,603 [DEBUG] [MainThread] [systray_widget/systray.py:474]: Saving state to C:\Users\ahmadinne\AppData\Local\YASB\systray_state_XILINXINCMIMONITOR5790020029475.json
2026-03-01 00:11:46,604 [DEBUG] [MainThread] [systray_widget/utils.py:97]: Destroying window 4851196
2026-03-01 00:11:46,605 [DEBUG] [MainThread] [systray_widget/utils.py:97]: Destroying window 4851196
2026-03-01 00:11:46,958 [INFO] [MainThread] [root/log.py:95]: YASB v1.9.0
2026-03-01 00:11:46,959 [INFO] [CLIPipeServer] [cli_server/cli_server.py:215]: CLI server started v1.1.6
2026-03-01 00:11:46,959 [INFO] [MainThread] [cli_server/cli_server.py:106]: Log pipe server started
2026-03-01 00:11:46,982 [DEBUG] [MainThread] [qasync._windows._EventPoller/_windows.py:215]: Starting (proactor: <_IocpProactor overlapped#=0 result#=0>)...
2026-03-01 00:11:46,982 [DEBUG] [Dummy-3] [qasync._windows._EventWorker/_windows.py:195]: Thread started
2026-03-01 00:11:47,125 [INFO] [MainThread] [root/service.py:52]: AudioOutputService starting...
2026-03-01 00:11:47,463 [INFO] [MainThread] [root/watcher.py:65]: Watching directory: c:\users\ahmadinne\.config\yasb
2026-03-01 00:11:47,463 [INFO] [MainThread] [root/watcher.py:65]: Watching directory: c:\users\ahmadinne\.config\yasb\menu
2026-03-01 00:11:47,463 [INFO] [MainThread] [root/watcher.py:104]: Created file watcher
2026-03-01 00:11:47,483 [INFO] [MainThread] [root/update_service.py:429]: Background update checker started
2026-03-01 00:11:47,495 [DEBUG] [MainThread] [systray_widget/systray.py:492]: Loading state from C:\Users\ahmadinne\AppData\Local\YASB\systray_state_XILINXINCMIMONITOR5790020029475.json
2026-03-01 00:11:47,498 [DEBUG] [SystrayMonitor] [systray_widget/systray.py:57]: Systray thread is starting...
2026-03-01 00:11:47,514 [DEBUG] [MainThread] [systray_widget/systray.py:243]: Systray thread started
2026-03-01 00:11:47,714 [DEBUG] [SystrayMonitor] [systray_widget/systray_monitor.py:168]: Adding TaskbandHWND prop to hwnd 10094042
2026-03-01 00:11:47,718 [DEBUG] [SystrayMonitor] [systray_widget/systray_monitor.py:246]: Finding real tray hwnd
2026-03-01 00:11:47,726 [DEBUG] [MainThread] [systray_widget/systray_monitor.py:160]: Sending TaskbarCreated message: 49249
2026-03-01 00:13:19,215 [INFO] [CLIPipeServer] [cli_server/cli_server.py:256]: CLI server received command: reload
2026-03-01 00:13:19,215 [INFO] [CLIPipeServer] [root/controller.py:15]: Reloading Application from CLI...
2026-03-01 00:13:19,327 [INFO] [CLIPipeServer] [cli_server/cli_server.py:114]: Log pipe server stopped
2026-03-01 00:13:19,327 [DEBUG] [CLIPipeServer] [cli_server/cli_server.py:209]: CLI server stopped
2026-03-01 00:13:19,342 [DEBUG] [MainThread] [systray_widget/systray.py:470]: Saving state to disk
2026-03-01 00:13:19,343 [DEBUG] [MainThread] [systray_widget/systray.py:474]: Saving state to C:\Users\ahmadinne\AppData\Local\YASB\systray_state_XILINXINCMIMONITOR5790020029475.json
2026-03-01 00:13:19,345 [DEBUG] [MainThread] [systray_widget/utils.py:97]: Destroying window 10094042
2026-03-01 00:13:19,345 [DEBUG] [MainThread] [systray_widget/utils.py:97]: Destroying window 10094042
2026-03-01 00:13:19,705 [INFO] [MainThread] [root/log.py:95]: YASB v1.9.0
2026-03-01 00:13:19,705 [INFO] [CLIPipeServer] [cli_server/cli_server.py:215]: CLI server started v1.1.6
2026-03-01 00:13:19,706 [INFO] [MainThread] [cli_server/cli_server.py:106]: Log pipe server started
2026-03-01 00:13:19,729 [DEBUG] [MainThread] [qasync._windows._EventPoller/_windows.py:215]: Starting (proactor: <_IocpProactor overlapped#=0 result#=0>)...
2026-03-01 00:13:19,730 [DEBUG] [Dummy-3] [qasync._windows._EventWorker/_windows.py:195]: Thread started
2026-03-01 00:13:19,864 [INFO] [MainThread] [root/service.py:52]: AudioOutputService starting...
2026-03-01 00:13:20,187 [INFO] [MainThread] [root/watcher.py:65]: Watching directory: c:\users\ahmadinne\.config\yasb
2026-03-01 00:13:20,188 [INFO] [MainThread] [root/watcher.py:65]: Watching directory: c:\users\ahmadinne\.config\yasb\menu
2026-03-01 00:13:20,188 [INFO] [MainThread] [root/watcher.py:104]: Created file watcher
2026-03-01 00:13:20,207 [INFO] [MainThread] [root/update_service.py:429]: Background update checker started
2026-03-01 00:13:20,222 [DEBUG] [MainThread] [systray_widget/systray.py:492]: Loading state from C:\Users\ahmadinne\AppData\Local\YASB\systray_state_XILINXINCMIMONITOR5790020029475.json
2026-03-01 00:13:20,223 [DEBUG] [SystrayMonitor] [systray_widget/systray.py:57]: Systray thread is starting...
2026-03-01 00:13:20,240 [DEBUG] [MainThread] [systray_widget/systray.py:243]: Systray thread started
2026-03-01 00:13:20,442 [DEBUG] [SystrayMonitor] [systray_widget/systray_monitor.py:168]: Adding TaskbandHWND prop to hwnd 11468994
2026-03-01 00:13:20,444 [DEBUG] [SystrayMonitor] [systray_widget/systray_monitor.py:246]: Finding real tray hwnd
2026-03-01 00:13:20,449 [DEBUG] [MainThread] [systray_widget/systray_monitor.py:160]: Sending TaskbarCreated message: 49249
2026-03-01 00:18:15,933 [INFO] [CLIPipeServer] [cli_server/cli_server.py:256]: CLI server received command: reload
2026-03-01 00:18:15,933 [INFO] [CLIPipeServer] [root/controller.py:15]: Reloading Application from CLI...
2026-03-01 00:18:16,048 [INFO] [CLIPipeServer] [cli_server/cli_server.py:114]: Log pipe server stopped
2026-03-01 00:18:16,048 [DEBUG] [CLIPipeServer] [cli_server/cli_server.py:209]: CLI server stopped
2026-03-01 00:18:16,067 [DEBUG] [MainThread] [systray_widget/systray.py:470]: Saving state to disk
2026-03-01 00:18:16,068 [DEBUG] [MainThread] [systray_widget/systray.py:474]: Saving state to C:\Users\ahmadinne\AppData\Local\YASB\systray_state_XILINXINCMIMONITOR5790020029475.json
2026-03-01 00:18:16,069 [DEBUG] [MainThread] [systray_widget/utils.py:97]: Destroying window 11468994
2026-03-01 00:18:16,070 [DEBUG] [MainThread] [systray_widget/utils.py:97]: Destroying window 11468994
2026-03-01 00:18:16,438 [INFO] [MainThread] [root/log.py:95]: YASB v1.9.0
2026-03-01 00:18:16,439 [INFO] [CLIPipeServer] [cli_server/cli_server.py:215]: CLI server started v1.1.6
2026-03-01 00:18:16,439 [INFO] [MainThread] [cli_server/cli_server.py:106]: Log pipe server started
2026-03-01 00:18:16,467 [DEBUG] [MainThread] [qasync._windows._EventPoller/_windows.py:215]: Starting (proactor: <_IocpProactor overlapped#=0 result#=0>)...
2026-03-01 00:18:16,467 [DEBUG] [Dummy-3] [qasync._windows._EventWorker/_windows.py:195]: Thread started
2026-03-01 00:18:16,597 [INFO] [MainThread] [root/service.py:52]: AudioOutputService starting...
2026-03-01 00:18:16,915 [INFO] [MainThread] [root/watcher.py:65]: Watching directory: c:\users\ahmadinne\.config\yasb\menu
2026-03-01 00:18:16,915 [INFO] [MainThread] [root/watcher.py:65]: Watching directory: c:\users\ahmadinne\.config\yasb
2026-03-01 00:18:16,915 [INFO] [MainThread] [root/watcher.py:104]: Created file watcher
2026-03-01 00:18:16,934 [INFO] [MainThread] [root/update_service.py:429]: Background update checker started
2026-03-01 00:18:16,950 [DEBUG] [MainThread] [systray_widget/systray.py:492]: Loading state from C:\Users\ahmadinne\AppData\Local\YASB\systray_state_XILINXINCMIMONITOR5790020029475.json
2026-03-01 00:18:16,952 [DEBUG] [SystrayMonitor] [systray_widget/systray.py:57]: Systray thread is starting...
2026-03-01 00:18:16,973 [DEBUG] [MainThread] [systray_widget/systray.py:243]: Systray thread started
2026-03-01 00:18:17,175 [DEBUG] [SystrayMonitor] [systray_widget/systray_monitor.py:168]: Adding TaskbandHWND prop to hwnd 14681292
2026-03-01 00:18:17,178 [DEBUG] [SystrayMonitor] [systray_widget/systray_monitor.py:246]: Finding real tray hwnd
2026-03-01 00:18:17,182 [DEBUG] [MainThread] [systray_widget/systray_monitor.py:160]: Sending TaskbarCreated message: 49249
2026-03-01 00:18:18,318 [INFO] [CLIPipeServer] [cli_server/cli_server.py:256]: CLI server received command: reload
2026-03-01 00:18:18,319 [INFO] [CLIPipeServer] [root/controller.py:15]: Reloading Application from CLI...
2026-03-01 00:18:18,430 [INFO] [CLIPipeServer] [cli_server/cli_server.py:114]: Log pipe server stopped
2026-03-01 00:18:18,430 [DEBUG] [CLIPipeServer] [cli_server/cli_server.py:209]: CLI server stopped
2026-03-01 00:18:18,447 [DEBUG] [MainThread] [systray_widget/systray.py:470]: Saving state to disk
2026-03-01 00:18:18,448 [DEBUG] [MainThread] [systray_widget/systray.py:474]: Saving state to C:\Users\ahmadinne\AppData\Local\YASB\systray_state_XILINXINCMIMONITOR5790020029475.json
2026-03-01 00:18:18,449 [DEBUG] [MainThread] [systray_widget/utils.py:97]: Destroying window 14681292
2026-03-01 00:18:18,449 [DEBUG] [MainThread] [systray_widget/utils.py:97]: Destroying window 14681292
2026-03-01 00:18:18,814 [INFO] [MainThread] [root/log.py:95]: YASB v1.9.0
2026-03-01 00:18:18,815 [INFO] [CLIPipeServer] [cli_server/cli_server.py:215]: CLI server started v1.1.6
2026-03-01 00:18:18,815 [INFO] [MainThread] [cli_server/cli_server.py:106]: Log pipe server started
2026-03-01 00:18:18,839 [DEBUG] [MainThread] [qasync._windows._EventPoller/_windows.py:215]: Starting (proactor: <_IocpProactor overlapped#=0 result#=0>)...
2026-03-01 00:18:18,840 [DEBUG] [Dummy-3] [qasync._windows._EventWorker/_windows.py:195]: Thread started
2026-03-01 00:18:18,969 [INFO] [MainThread] [root/service.py:52]: AudioOutputService starting...
2026-03-01 00:18:19,314 [INFO] [MainThread] [root/watcher.py:65]: Watching directory: c:\users\ahmadinne\.config\yasb\menu
2026-03-01 00:18:19,314 [INFO] [MainThread] [root/watcher.py:65]: Watching directory: c:\users\ahmadinne\.config\yasb
2026-03-01 00:18:19,314 [INFO] [MainThread] [root/watcher.py:104]: Created file watcher
2026-03-01 00:18:19,333 [INFO] [MainThread] [root/update_service.py:429]: Background update checker started
2026-03-01 00:18:19,344 [DEBUG] [MainThread] [systray_widget/systray.py:492]: Loading state from C:\Users\ahmadinne\AppData\Local\YASB\systray_state_XILINXINCMIMONITOR5790020029475.json
2026-03-01 00:18:19,346 [DEBUG] [SystrayMonitor] [systray_widget/systray.py:57]: Systray thread is starting...
2026-03-01 00:18:19,364 [DEBUG] [MainThread] [systray_widget/systray.py:243]: Systray thread started
2026-03-01 00:18:19,565 [DEBUG] [SystrayMonitor] [systray_widget/systray_monitor.py:168]: Adding TaskbandHWND prop to hwnd 10290650
2026-03-01 00:18:19,567 [DEBUG] [SystrayMonitor] [systray_widget/systray_monitor.py:246]: Finding real tray hwnd
2026-03-01 00:18:19,577 [DEBUG] [MainThread] [systray_widget/systray_monitor.py:160]: Sending TaskbarCreated message: 49249
2026-03-01 00:18:45,040 [INFO] [CLIPipeServer] [cli_server/cli_server.py:256]: CLI server received command: reload
2026-03-01 00:18:45,040 [INFO] [CLIPipeServer] [root/controller.py:15]: Reloading Application from CLI...
2026-03-01 00:18:45,155 [INFO] [CLIPipeServer] [cli_server/cli_server.py:114]: Log pipe server stopped
2026-03-01 00:18:45,156 [DEBUG] [CLIPipeServer] [cli_server/cli_server.py:209]: CLI server stopped
2026-03-01 00:18:45,200 [DEBUG] [MainThread] [systray_widget/systray.py:470]: Saving state to disk
2026-03-01 00:18:45,201 [DEBUG] [MainThread] [systray_widget/systray.py:474]: Saving state to C:\Users\ahmadinne\AppData\Local\YASB\systray_state_XILINXINCMIMONITOR5790020029475.json
2026-03-01 00:18:45,202 [DEBUG] [MainThread] [systray_widget/utils.py:97]: Destroying window 10290650
2026-03-01 00:18:45,202 [DEBUG] [MainThread] [systray_widget/utils.py:97]: Destroying window 10290650
2026-03-01 00:18:45,559 [INFO] [MainThread] [root/log.py:95]: YASB v1.9.0
2026-03-01 00:18:45,560 [INFO] [CLIPipeServer] [cli_server/cli_server.py:215]: CLI server started v1.1.6
2026-03-01 00:18:45,560 [INFO] [MainThread] [cli_server/cli_server.py:106]: Log pipe server started
2026-03-01 00:18:45,587 [DEBUG] [MainThread] [qasync._windows._EventPoller/_windows.py:215]: Starting (proactor: <_IocpProactor overlapped#=0 result#=0>)...
2026-03-01 00:18:45,587 [DEBUG] [Dummy-3] [qasync._windows._EventWorker/_windows.py:195]: Thread started
2026-03-01 00:18:45,719 [INFO] [MainThread] [root/service.py:52]: AudioOutputService starting...
2026-03-01 00:18:46,073 [INFO] [MainThread] [root/watcher.py:65]: Watching directory: c:\users\ahmadinne\.config\yasb
2026-03-01 00:18:46,073 [INFO] [MainThread] [root/watcher.py:65]: Watching directory: c:\users\ahmadinne\.config\yasb\menu
2026-03-01 00:18:46,073 [INFO] [MainThread] [root/watcher.py:104]: Created file watcher
2026-03-01 00:18:46,092 [INFO] [MainThread] [root/update_service.py:429]: Background update checker started
2026-03-01 00:18:46,106 [DEBUG] [MainThread] [systray_widget/systray.py:492]: Loading state from C:\Users\ahmadinne\AppData\Local\YASB\systray_state_XILINXINCMIMONITOR5790020029475.json
2026-03-01 00:18:46,107 [DEBUG] [SystrayMonitor] [systray_widget/systray.py:57]: Systray thread is starting...
2026-03-01 00:18:46,123 [DEBUG] [MainThread] [systray_widget/systray.py:243]: Systray thread started
2026-03-01 00:18:46,324 [DEBUG] [SystrayMonitor] [systray_widget/systray_monitor.py:168]: Adding TaskbandHWND prop to hwnd 1967774
2026-03-01 00:18:46,327 [DEBUG] [SystrayMonitor] [systray_widget/systray_monitor.py:246]: Finding real tray hwnd
2026-03-01 00:18:46,332 [DEBUG] [MainThread] [systray_widget/systray_monitor.py:160]: Sending TaskbarCreated message: 49249
2026-03-01 00:23:38,304 [INFO] [CLIPipeServer] [cli_server/cli_server.py:256]: CLI server received command: reload
2026-03-01 00:23:38,305 [INFO] [CLIPipeServer] [root/controller.py:15]: Reloading Application from CLI...
2026-03-01 00:23:38,408 [INFO] [CLIPipeServer] [cli_server/cli_server.py:114]: Log pipe server stopped
2026-03-01 00:23:38,408 [DEBUG] [CLIPipeServer] [cli_server/cli_server.py:209]: CLI server stopped
2026-03-01 00:23:38,429 [DEBUG] [MainThread] [systray_widget/systray.py:470]: Saving state to disk
2026-03-01 00:23:38,430 [DEBUG] [MainThread] [systray_widget/systray.py:474]: Saving state to C:\Users\ahmadinne\AppData\Local\YASB\systray_state_XILINXINCMIMONITOR5790020029475.json
2026-03-01 00:23:38,431 [DEBUG] [MainThread] [systray_widget/utils.py:97]: Destroying window 1967774
2026-03-01 00:23:38,432 [DEBUG] [MainThread] [systray_widget/utils.py:97]: Destroying window 1967774
2026-03-01 00:23:38,806 [INFO] [MainThread] [root/log.py:95]: YASB v1.9.0
2026-03-01 00:23:38,806 [INFO] [CLIPipeServer] [cli_server/cli_server.py:215]: CLI server started v1.1.6
2026-03-01 00:23:38,807 [INFO] [MainThread] [cli_server/cli_server.py:106]: Log pipe server started
2026-03-01 00:23:38,833 [DEBUG] [MainThread] [qasync._windows._EventPoller/_windows.py:215]: Starting (proactor: <_IocpProactor overlapped#=0 result#=0>)...
2026-03-01 00:23:38,833 [DEBUG] [Dummy-3] [qasync._windows._EventWorker/_windows.py:195]: Thread started
2026-03-01 00:23:38,962 [INFO] [MainThread] [root/service.py:52]: AudioOutputService starting...
2026-03-01 00:23:39,299 [INFO] [MainThread] [root/watcher.py:65]: Watching directory: c:\users\ahmadinne\.config\yasb\menu
2026-03-01 00:23:39,300 [INFO] [MainThread] [root/watcher.py:65]: Watching directory: c:\users\ahmadinne\.config\yasb
2026-03-01 00:23:39,300 [INFO] [MainThread] [root/watcher.py:104]: Created file watcher
2026-03-01 00:23:39,322 [INFO] [MainThread] [root/update_service.py:429]: Background update checker started
2026-03-01 00:23:39,340 [DEBUG] [MainThread] [systray_widget/systray.py:492]: Loading state from C:\Users\ahmadinne\AppData\Local\YASB\systray_state_XILINXINCMIMONITOR5790020029475.json
2026-03-01 00:23:39,342 [DEBUG] [SystrayMonitor] [systray_widget/systray.py:57]: Systray thread is starting...
2026-03-01 00:23:39,373 [DEBUG] [MainThread] [systray_widget/systray.py:243]: Systray thread started
2026-03-01 00:23:39,575 [DEBUG] [SystrayMonitor] [systray_widget/systray_monitor.py:168]: Adding TaskbandHWND prop to hwnd 3736938
2026-03-01 00:23:39,579 [DEBUG] [SystrayMonitor] [systray_widget/systray_monitor.py:246]: Finding real tray hwnd
2026-03-01 00:23:39,585 [DEBUG] [MainThread] [systray_widget/systray_monitor.py:160]: Sending TaskbarCreated message: 49249
2026-03-01 00:24:31,159 [INFO] [CLIPipeServer] [cli_server/cli_server.py:256]: CLI server received command: reload
2026-03-01 00:24:31,160 [INFO] [CLIPipeServer] [root/controller.py:15]: Reloading Application from CLI...
2026-03-01 00:24:31,261 [INFO] [CLIPipeServer] [cli_server/cli_server.py:114]: Log pipe server stopped
2026-03-01 00:24:31,261 [DEBUG] [CLIPipeServer] [cli_server/cli_server.py:209]: CLI server stopped
2026-03-01 00:24:31,320 [DEBUG] [MainThread] [systray_widget/systray.py:470]: Saving state to disk
2026-03-01 00:24:31,321 [DEBUG] [MainThread] [systray_widget/systray.py:474]: Saving state to C:\Users\ahmadinne\AppData\Local\YASB\systray_state_XILINXINCMIMONITOR5790020029475.json
2026-03-01 00:24:31,322 [DEBUG] [MainThread] [systray_widget/utils.py:97]: Destroying window 3736938
2026-03-01 00:24:31,323 [DEBUG] [MainThread] [systray_widget/utils.py:97]: Destroying window 3736938
2026-03-01 00:24:31,691 [INFO] [MainThread] [root/log.py:95]: YASB v1.9.0
2026-03-01 00:24:31,692 [INFO] [CLIPipeServer] [cli_server/cli_server.py:215]: CLI server started v1.1.6
2026-03-01 00:24:31,692 [INFO] [MainThread] [cli_server/cli_server.py:106]: Log pipe server started
2026-03-01 00:24:31,722 [DEBUG] [MainThread] [qasync._windows._EventPoller/_windows.py:215]: Starting (proactor: <_IocpProactor overlapped#=0 result#=0>)...
2026-03-01 00:24:31,723 [DEBUG] [Dummy-3] [qasync._windows._EventWorker/_windows.py:195]: Thread started
2026-03-01 00:24:31,863 [INFO] [MainThread] [root/service.py:52]: AudioOutputService starting...
2026-03-01 00:24:32,262 [INFO] [MainThread] [root/watcher.py:65]: Watching directory: c:\users\ahmadinne\.config\yasb
2026-03-01 00:24:32,262 [INFO] [MainThread] [root/watcher.py:65]: Watching directory: c:\users\ahmadinne\.config\yasb\menu
2026-03-01 00:24:32,262 [INFO] [MainThread] [root/watcher.py:104]: Created file watcher
2026-03-01 00:24:32,282 [INFO] [MainThread] [root/update_service.py:429]: Background update checker started
2026-03-01 00:24:32,298 [DEBUG] [MainThread] [systray_widget/systray.py:492]: Loading state from C:\Users\ahmadinne\AppData\Local\YASB\systray_state_XILINXINCMIMONITOR5790020029475.json
2026-03-01 00:24:32,301 [DEBUG] [SystrayMonitor] [systray_widget/systray.py:57]: Systray thread is starting...
2026-03-01 00:24:32,327 [DEBUG] [MainThread] [systray_widget/systray.py:243]: Systray thread started
2026-03-01 00:24:32,528 [DEBUG] [SystrayMonitor] [systray_widget/systray_monitor.py:168]: Adding TaskbandHWND prop to hwnd 10487258
2026-03-01 00:24:32,531 [DEBUG] [SystrayMonitor] [systray_widget/systray_monitor.py:246]: Finding real tray hwnd
2026-03-01 00:24:32,538 [DEBUG] [MainThread] [systray_widget/systray_monitor.py:160]: Sending TaskbarCreated message: 49249
2026-03-01 00:27:32,773 [INFO] [CLIPipeServer] [cli_server/cli_server.py:256]: CLI server received command: reload
2026-03-01 00:27:32,774 [INFO] [CLIPipeServer] [root/controller.py:15]: Reloading Application from CLI...
2026-03-01 00:27:32,888 [INFO] [CLIPipeServer] [cli_server/cli_server.py:114]: Log pipe server stopped
2026-03-01 00:27:32,889 [DEBUG] [CLIPipeServer] [cli_server/cli_server.py:209]: CLI server stopped
2026-03-01 00:27:32,933 [DEBUG] [MainThread] [systray_widget/systray.py:470]: Saving state to disk
2026-03-01 00:27:32,934 [DEBUG] [MainThread] [systray_widget/systray.py:474]: Saving state to C:\Users\ahmadinne\AppData\Local\YASB\systray_state_XILINXINCMIMONITOR5790020029475.json
2026-03-01 00:27:32,936 [DEBUG] [MainThread] [systray_widget/utils.py:97]: Destroying window 10487258
2026-03-01 00:27:32,937 [DEBUG] [MainThread] [systray_widget/utils.py:97]: Destroying window 10487258
2026-03-01 00:27:33,354 [INFO] [MainThread] [root/log.py:95]: YASB v1.9.0
2026-03-01 00:27:33,354 [INFO] [CLIPipeServer] [cli_server/cli_server.py:215]: CLI server started v1.1.6
2026-03-01 00:27:33,355 [INFO] [MainThread] [cli_server/cli_server.py:106]: Log pipe server started
2026-03-01 00:27:33,383 [DEBUG] [MainThread] [qasync._windows._EventPoller/_windows.py:215]: Starting (proactor: <_IocpProactor overlapped#=0 result#=0>)...
2026-03-01 00:27:33,383 [DEBUG] [Dummy-3] [qasync._windows._EventWorker/_windows.py:195]: Thread started
2026-03-01 00:27:33,513 [INFO] [MainThread] [root/service.py:52]: AudioOutputService starting...
2026-03-01 00:27:33,999 [INFO] [MainThread] [root/watcher.py:65]: Watching directory: c:\users\ahmadinne\.config\yasb\menu
2026-03-01 00:27:33,999 [INFO] [MainThread] [root/watcher.py:65]: Watching directory: c:\users\ahmadinne\.config\yasb
2026-03-01 00:27:33,999 [INFO] [MainThread] [root/watcher.py:104]: Created file watcher
2026-03-01 00:27:34,023 [INFO] [MainThread] [root/update_service.py:429]: Background update checker started
2026-03-01 00:27:34,037 [DEBUG] [MainThread] [systray_widget/systray.py:492]: Loading state from C:\Users\ahmadinne\AppData\Local\YASB\systray_state_XILINXINCMIMONITOR5790020029475.json
2026-03-01 00:27:34,039 [DEBUG] [SystrayMonitor] [systray_widget/systray.py:57]: Systray thread is starting...
2026-03-01 00:27:34,060 [DEBUG] [MainThread] [systray_widget/systray.py:243]: Systray thread started
2026-03-01 00:27:34,262 [DEBUG] [SystrayMonitor] [systray_widget/systray_monitor.py:168]: Adding TaskbandHWND prop to hwnd 11862210
2026-03-01 00:27:34,266 [DEBUG] [SystrayMonitor] [systray_widget/systray_monitor.py:246]: Finding real tray hwnd
2026-03-01 00:27:34,274 [DEBUG] [MainThread] [systray_widget/systray_monitor.py:160]: Sending TaskbarCreated message: 49249
2026-03-01 00:28:22,957 [INFO] [CLIPipeServer] [cli_server/cli_server.py:256]: CLI server received command: reload
2026-03-01 00:28:22,957 [INFO] [CLIPipeServer] [root/controller.py:15]: Reloading Application from CLI...
2026-03-01 00:28:23,060 [INFO] [CLIPipeServer] [cli_server/cli_server.py:114]: Log pipe server stopped
2026-03-01 00:28:23,060 [DEBUG] [CLIPipeServer] [cli_server/cli_server.py:209]: CLI server stopped
2026-03-01 00:28:23,115 [DEBUG] [MainThread] [systray_widget/systray.py:470]: Saving state to disk
2026-03-01 00:28:23,116 [DEBUG] [MainThread] [systray_widget/systray.py:474]: Saving state to C:\Users\ahmadinne\AppData\Local\YASB\systray_state_XILINXINCMIMONITOR5790020029475.json
2026-03-01 00:28:23,118 [DEBUG] [MainThread] [systray_widget/utils.py:97]: Destroying window 11862210
2026-03-01 00:28:23,118 [DEBUG] [MainThread] [systray_widget/utils.py:97]: Destroying window 11862210
2026-03-01 00:28:23,486 [INFO] [MainThread] [root/log.py:95]: YASB v1.9.0
2026-03-01 00:28:23,487 [INFO] [CLIPipeServer] [cli_server/cli_server.py:215]: CLI server started v1.1.6
2026-03-01 00:28:23,487 [INFO] [MainThread] [cli_server/cli_server.py:106]: Log pipe server started
2026-03-01 00:28:23,513 [DEBUG] [MainThread] [qasync._windows._EventPoller/_windows.py:215]: Starting (proactor: <_IocpProactor overlapped#=0 result#=0>)...
2026-03-01 00:28:23,514 [DEBUG] [Dummy-3] [qasync._windows._EventWorker/_windows.py:195]: Thread started
2026-03-01 00:28:23,646 [INFO] [MainThread] [root/service.py:52]: AudioOutputService starting...
2026-03-01 00:28:23,970 [INFO] [MainThread] [root/watcher.py:65]: Watching directory: c:\users\ahmadinne\.config\yasb
2026-03-01 00:28:23,970 [INFO] [MainThread] [root/watcher.py:65]: Watching directory: c:\users\ahmadinne\.config\yasb\menu
2026-03-01 00:28:23,970 [INFO] [MainThread] [root/watcher.py:104]: Created file watcher
2026-03-01 00:28:23,989 [INFO] [MainThread] [root/update_service.py:429]: Background update checker started
2026-03-01 00:28:24,003 [DEBUG] [MainThread] [systray_widget/systray.py:492]: Loading state from C:\Users\ahmadinne\AppData\Local\YASB\systray_state_XILINXINCMIMONITOR5790020029475.json
2026-03-01 00:28:24,004 [DEBUG] [SystrayMonitor] [systray_widget/systray.py:57]: Systray thread is starting...
2026-03-01 00:28:24,024 [DEBUG] [MainThread] [systray_widget/systray.py:243]: Systray thread started
2026-03-01 00:28:24,225 [DEBUG] [SystrayMonitor] [systray_widget/systray_monitor.py:168]: Adding TaskbandHWND prop to hwnd 2753976
2026-03-01 00:28:24,227 [DEBUG] [SystrayMonitor] [systray_widget/systray_monitor.py:246]: Finding real tray hwnd
2026-03-01 00:28:24,233 [DEBUG] [MainThread] [systray_widget/systray_monitor.py:160]: Sending TaskbarCreated message: 49249
2026-03-01 00:35:23,361 [INFO] [CLIPipeServer] [cli_server/cli_server.py:256]: CLI server received command: reload
2026-03-01 00:35:23,362 [INFO] [CLIPipeServer] [root/controller.py:15]: Reloading Application from CLI...
2026-03-01 00:35:23,477 [INFO] [CLIPipeServer] [cli_server/cli_server.py:114]: Log pipe server stopped
2026-03-01 00:35:23,477 [DEBUG] [CLIPipeServer] [cli_server/cli_server.py:209]: CLI server stopped
2026-03-01 00:35:23,541 [DEBUG] [MainThread] [systray_widget/systray.py:470]: Saving state to disk
2026-03-01 00:35:23,542 [DEBUG] [MainThread] [systray_widget/systray.py:474]: Saving state to C:\Users\ahmadinne\AppData\Local\YASB\systray_state_XILINXINCMIMONITOR5790020029475.json
2026-03-01 00:35:23,543 [DEBUG] [MainThread] [systray_widget/utils.py:97]: Destroying window 2753976
2026-03-01 00:35:23,544 [DEBUG] [MainThread] [systray_widget/utils.py:97]: Destroying window 2753976
2026-03-01 00:35:23,906 [INFO] [MainThread] [root/log.py:95]: YASB v1.9.0
2026-03-01 00:35:23,907 [INFO] [CLIPipeServer] [cli_server/cli_server.py:215]: CLI server started v1.1.6
2026-03-01 00:35:23,907 [INFO] [MainThread] [cli_server/cli_server.py:106]: Log pipe server started
2026-03-01 00:35:23,943 [DEBUG] [MainThread] [qasync._windows._EventPoller/_windows.py:215]: Starting (proactor: <_IocpProactor overlapped#=0 result#=0>)...
2026-03-01 00:35:23,944 [DEBUG] [Dummy-3] [qasync._windows._EventWorker/_windows.py:195]: Thread started
2026-03-01 00:35:24,081 [INFO] [MainThread] [root/service.py:52]: AudioOutputService starting...
2026-03-01 00:35:24,426 [INFO] [MainThread] [root/watcher.py:65]: Watching directory: c:\users\ahmadinne\.config\yasb
2026-03-01 00:35:24,426 [INFO] [MainThread] [root/watcher.py:65]: Watching directory: c:\users\ahmadinne\.config\yasb\menu
2026-03-01 00:35:24,426 [INFO] [MainThread] [root/watcher.py:104]: Created file watcher
2026-03-01 00:35:24,446 [INFO] [MainThread] [root/update_service.py:429]: Background update checker started
2026-03-01 00:35:24,461 [DEBUG] [MainThread] [systray_widget/systray.py:492]: Loading state from C:\Users\ahmadinne\AppData\Local\YASB\systray_state_XILINXINCMIMONITOR5790020029475.json
2026-03-01 00:35:24,462 [DEBUG] [SystrayMonitor] [systray_widget/systray.py:57]: Systray thread is starting...
2026-03-01 00:35:24,484 [DEBUG] [MainThread] [systray_widget/systray.py:243]: Systray thread started
2026-03-01 00:35:24,685 [DEBUG] [SystrayMonitor] [systray_widget/systray_monitor.py:168]: Adding TaskbandHWND prop to hwnd 4457326
2026-03-01 00:35:24,688 [DEBUG] [SystrayMonitor] [systray_widget/systray_monitor.py:246]: Finding real tray hwnd
2026-03-01 00:35:24,692 [DEBUG] [MainThread] [systray_widget/systray_monitor.py:160]: Sending TaskbarCreated message: 49249
2026-03-01 00:35:49,099 [INFO] [CLIPipeServer] [cli_server/cli_server.py:256]: CLI server received command: reload
2026-03-01 00:35:49,100 [INFO] [CLIPipeServer] [root/controller.py:15]: Reloading Application from CLI...
2026-03-01 00:35:49,208 [INFO] [CLIPipeServer] [cli_server/cli_server.py:114]: Log pipe server stopped
2026-03-01 00:35:49,208 [DEBUG] [CLIPipeServer] [cli_server/cli_server.py:209]: CLI server stopped
2026-03-01 00:35:49,269 [DEBUG] [MainThread] [systray_widget/systray.py:470]: Saving state to disk
2026-03-01 00:35:49,270 [DEBUG] [MainThread] [systray_widget/systray.py:474]: Saving state to C:\Users\ahmadinne\AppData\Local\YASB\systray_state_XILINXINCMIMONITOR5790020029475.json
2026-03-01 00:35:49,272 [DEBUG] [MainThread] [systray_widget/utils.py:97]: Destroying window 4457326
2026-03-01 00:35:49,273 [DEBUG] [MainThread] [systray_widget/utils.py:97]: Destroying window 4457326
2026-03-01 00:35:49,631 [INFO] [MainThread] [root/log.py:95]: YASB v1.9.0
2026-03-01 00:35:49,631 [INFO] [CLIPipeServer] [cli_server/cli_server.py:215]: CLI server started v1.1.6
2026-03-01 00:35:49,632 [INFO] [MainThread] [cli_server/cli_server.py:106]: Log pipe server started
2026-03-01 00:35:49,666 [DEBUG] [MainThread] [qasync._windows._EventPoller/_windows.py:215]: Starting (proactor: <_IocpProactor overlapped#=0 result#=0>)...
2026-03-01 00:35:49,668 [DEBUG] [Dummy-3] [qasync._windows._EventWorker/_windows.py:195]: Thread started
2026-03-01 00:35:49,823 [INFO] [MainThread] [root/service.py:52]: AudioOutputService starting...
2026-03-01 00:35:50,222 [INFO] [MainThread] [root/watcher.py:65]: Watching directory: c:\users\ahmadinne\.config\yasb\menu
2026-03-01 00:35:50,222 [INFO] [MainThread] [root/watcher.py:65]: Watching directory: c:\users\ahmadinne\.config\yasb
2026-03-01 00:35:50,222 [INFO] [MainThread] [root/watcher.py:104]: Created file watcher
2026-03-01 00:35:50,243 [INFO] [MainThread] [root/update_service.py:429]: Background update checker started
2026-03-01 00:35:50,259 [DEBUG] [MainThread] [systray_widget/systray.py:492]: Loading state from C:\Users\ahmadinne\AppData\Local\YASB\systray_state_XILINXINCMIMONITOR5790020029475.json
2026-03-01 00:35:50,261 [DEBUG] [SystrayMonitor] [systray_widget/systray.py:57]: Systray thread is starting...
2026-03-01 00:35:50,284 [DEBUG] [MainThread] [systray_widget/systray.py:243]: Systray thread started
2026-03-01 00:35:50,485 [DEBUG] [SystrayMonitor] [systray_widget/systray_monitor.py:168]: Adding TaskbandHWND prop to hwnd 12058818
2026-03-01 00:35:50,488 [DEBUG] [SystrayMonitor] [systray_widget/systray_monitor.py:246]: Finding real tray hwnd
2026-03-01 00:35:50,494 [DEBUG] [MainThread] [systray_widget/systray_monitor.py:160]: Sending TaskbarCreated message: 49249
2026-03-01 00:36:57,059 [INFO] [CLIPipeServer] [cli_server/cli_server.py:256]: CLI server received command: reload
2026-03-01 00:36:57,060 [INFO] [CLIPipeServer] [root/controller.py:15]: Reloading Application from CLI...
2026-03-01 00:36:57,171 [INFO] [CLIPipeServer] [cli_server/cli_server.py:114]: Log pipe server stopped
2026-03-01 00:36:57,171 [DEBUG] [CLIPipeServer] [cli_server/cli_server.py:209]: CLI server stopped
2026-03-01 00:36:57,215 [DEBUG] [MainThread] [systray_widget/systray.py:470]: Saving state to disk
2026-03-01 00:36:57,216 [DEBUG] [MainThread] [systray_widget/systray.py:474]: Saving state to C:\Users\ahmadinne\AppData\Local\YASB\systray_state_XILINXINCMIMONITOR5790020029475.json
2026-03-01 00:36:57,218 [DEBUG] [MainThread] [systray_widget/utils.py:97]: Destroying window 12058818
2026-03-01 00:36:57,218 [DEBUG] [MainThread] [systray_widget/utils.py:97]: Destroying window 12058818
2026-03-01 00:36:57,569 [INFO] [MainThread] [root/log.py:95]: YASB v1.9.0
2026-03-01 00:36:57,569 [INFO] [CLIPipeServer] [cli_server/cli_server.py:215]: CLI server started v1.1.6
2026-03-01 00:36:57,570 [INFO] [MainThread] [cli_server/cli_server.py:106]: Log pipe server started
2026-03-01 00:36:57,598 [DEBUG] [MainThread] [qasync._windows._EventPoller/_windows.py:215]: Starting (proactor: <_IocpProactor overlapped#=0 result#=0>)...
2026-03-01 00:36:57,599 [DEBUG] [Dummy-3] [qasync._windows._EventWorker/_windows.py:195]: Thread started
2026-03-01 00:36:57,733 [INFO] [MainThread] [root/service.py:52]: AudioOutputService starting...
2026-03-01 00:36:58,138 [INFO] [MainThread] [root/watcher.py:65]: Watching directory: c:\users\ahmadinne\.config\yasb\menu
2026-03-01 00:36:58,139 [INFO] [MainThread] [root/watcher.py:65]: Watching directory: c:\users\ahmadinne\.config\yasb
2026-03-01 00:36:58,139 [INFO] [MainThread] [root/watcher.py:104]: Created file watcher
2026-03-01 00:36:58,159 [INFO] [MainThread] [root/update_service.py:429]: Background update checker started
2026-03-01 00:36:58,173 [DEBUG] [MainThread] [systray_widget/systray.py:492]: Loading state from C:\Users\ahmadinne\AppData\Local\YASB\systray_state_XILINXINCMIMONITOR5790020029475.json
2026-03-01 00:36:58,174 [DEBUG] [SystrayMonitor] [systray_widget/systray.py:57]: Systray thread is starting...
2026-03-01 00:36:58,198 [DEBUG] [MainThread] [systray_widget/systray.py:243]: Systray thread started
2026-03-01 00:36:58,400 [DEBUG] [SystrayMonitor] [systray_widget/systray_monitor.py:168]: Adding TaskbandHWND prop to hwnd 6489402
2026-03-01 00:36:58,403 [DEBUG] [SystrayMonitor] [systray_widget/systray_monitor.py:246]: Finding real tray hwnd
2026-03-01 00:36:58,408 [DEBUG] [MainThread] [systray_widget/systray_monitor.py:160]: Sending TaskbarCreated message: 49249
2026-03-01 00:37:24,373 [INFO] [CLIPipeServer] [cli_server/cli_server.py:256]: CLI server received command: reload
2026-03-01 00:37:24,374 [INFO] [CLIPipeServer] [root/controller.py:15]: Reloading Application from CLI...
2026-03-01 00:37:24,485 [INFO] [CLIPipeServer] [cli_server/cli_server.py:114]: Log pipe server stopped
2026-03-01 00:37:24,485 [DEBUG] [CLIPipeServer] [cli_server/cli_server.py:209]: CLI server stopped
2026-03-01 00:37:24,542 [DEBUG] [MainThread] [systray_widget/systray.py:470]: Saving state to disk
2026-03-01 00:37:24,543 [DEBUG] [MainThread] [systray_widget/systray.py:474]: Saving state to C:\Users\ahmadinne\AppData\Local\YASB\systray_state_XILINXINCMIMONITOR5790020029475.json
2026-03-01 00:37:24,544 [DEBUG] [MainThread] [systray_widget/utils.py:97]: Destroying window 6489402
2026-03-01 00:37:24,545 [DEBUG] [MainThread] [systray_widget/utils.py:97]: Destroying window 6489402
2026-03-01 00:37:24,949 [INFO] [MainThread] [root/log.py:95]: YASB v1.9.0
2026-03-01 00:37:24,949 [INFO] [CLIPipeServer] [cli_server/cli_server.py:215]: CLI server started v1.1.6
2026-03-01 00:37:24,950 [INFO] [MainThread] [cli_server/cli_server.py:106]: Log pipe server started
2026-03-01 00:37:24,981 [DEBUG] [MainThread] [qasync._windows._EventPoller/_windows.py:215]: Starting (proactor: <_IocpProactor overlapped#=0 result#=0>)...
2026-03-01 00:37:24,982 [DEBUG] [Dummy-3] [qasync._windows._EventWorker/_windows.py:195]: Thread started
2026-03-01 00:37:25,116 [INFO] [MainThread] [root/service.py:52]: AudioOutputService starting...
2026-03-01 00:37:25,455 [INFO] [MainThread] [root/watcher.py:65]: Watching directory: c:\users\ahmadinne\.config\yasb
2026-03-01 00:37:25,455 [INFO] [MainThread] [root/watcher.py:65]: Watching directory: c:\users\ahmadinne\.config\yasb\menu
2026-03-01 00:37:25,455 [INFO] [MainThread] [root/watcher.py:104]: Created file watcher
2026-03-01 00:37:25,475 [INFO] [MainThread] [root/update_service.py:429]: Background update checker started
2026-03-01 00:37:25,492 [DEBUG] [MainThread] [systray_widget/systray.py:492]: Loading state from C:\Users\ahmadinne\AppData\Local\YASB\systray_state_XILINXINCMIMONITOR5790020029475.json
2026-03-01 00:37:25,494 [DEBUG] [SystrayMonitor] [systray_widget/systray.py:57]: Systray thread is starting...
2026-03-01 00:37:25,519 [DEBUG] [MainThread] [systray_widget/systray.py:243]: Systray thread started
2026-03-01 00:37:25,721 [DEBUG] [SystrayMonitor] [systray_widget/systray_monitor.py:168]: Adding TaskbandHWND prop to hwnd 3081154
2026-03-01 00:37:25,724 [DEBUG] [SystrayMonitor] [systray_widget/systray_monitor.py:246]: Finding real tray hwnd
2026-03-01 00:37:25,734 [DEBUG] [MainThread] [systray_widget/systray_monitor.py:160]: Sending TaskbarCreated message: 49249
2026-03-01 00:40:19,694 [INFO] [CLIPipeServer] [cli_server/cli_server.py:256]: CLI server received command: reload
2026-03-01 00:40:19,695 [INFO] [CLIPipeServer] [root/controller.py:15]: Reloading Application from CLI...
2026-03-01 00:40:19,808 [INFO] [CLIPipeServer] [cli_server/cli_server.py:114]: Log pipe server stopped
2026-03-01 00:40:19,809 [DEBUG] [CLIPipeServer] [cli_server/cli_server.py:209]: CLI server stopped
2026-03-01 00:40:19,824 [DEBUG] [MainThread] [systray_widget/systray.py:470]: Saving state to disk
2026-03-01 00:40:19,825 [DEBUG] [MainThread] [systray_widget/systray.py:474]: Saving state to C:\Users\ahmadinne\AppData\Local\YASB\systray_state_XILINXINCMIMONITOR5790020029475.json
2026-03-01 00:40:19,826 [DEBUG] [MainThread] [systray_widget/utils.py:97]: Destroying window 3081154
2026-03-01 00:40:19,826 [DEBUG] [MainThread] [systray_widget/utils.py:97]: Destroying window 3081154
2026-03-01 00:40:20,202 [INFO] [MainThread] [root/log.py:95]: YASB v1.9.0
2026-03-01 00:40:20,203 [INFO] [CLIPipeServer] [cli_server/cli_server.py:215]: CLI server started v1.1.6
2026-03-01 00:40:20,203 [INFO] [MainThread] [cli_server/cli_server.py:106]: Log pipe server started
2026-03-01 00:40:20,234 [DEBUG] [MainThread] [qasync._windows._EventPoller/_windows.py:215]: Starting (proactor: <_IocpProactor overlapped#=0 result#=0>)...
2026-03-01 00:40:20,235 [DEBUG] [Dummy-3] [qasync._windows._EventWorker/_windows.py:195]: Thread started
2026-03-01 00:40:20,380 [INFO] [MainThread] [root/service.py:52]: AudioOutputService starting...
2026-03-01 00:40:20,749 [INFO] [MainThread] [root/watcher.py:65]: Watching directory: c:\users\ahmadinne\.config\yasb\menu
2026-03-01 00:40:20,750 [INFO] [MainThread] [root/watcher.py:65]: Watching directory: c:\users\ahmadinne\.config\yasb
2026-03-01 00:40:20,750 [INFO] [MainThread] [root/watcher.py:104]: Created file watcher
2026-03-01 00:40:20,775 [INFO] [MainThread] [root/update_service.py:429]: Background update checker started
2026-03-01 00:40:20,790 [DEBUG] [MainThread] [systray_widget/systray.py:492]: Loading state from C:\Users\ahmadinne\AppData\Local\YASB\systray_state_XILINXINCMIMONITOR5790020029475.json
2026-03-01 00:40:20,792 [DEBUG] [SystrayMonitor] [systray_widget/systray.py:57]: Systray thread is starting...
2026-03-01 00:40:20,817 [DEBUG] [MainThread] [systray_widget/systray.py:243]: Systray thread started
2026-03-01 00:40:21,019 [DEBUG] [SystrayMonitor] [systray_widget/systray_monitor.py:168]: Adding TaskbandHWND prop to hwnd 3474476
2026-03-01 00:40:21,024 [DEBUG] [SystrayMonitor] [systray_widget/systray_monitor.py:246]: Finding real tray hwnd
2026-03-01 00:40:21,029 [DEBUG] [MainThread] [systray_widget/systray_monitor.py:160]: Sending TaskbarCreated message: 49249
2026-03-01 00:40:41,186 [INFO] [CLIPipeServer] [cli_server/cli_server.py:256]: CLI server received command: reload
2026-03-01 00:40:41,187 [INFO] [CLIPipeServer] [root/controller.py:15]: Reloading Application from CLI...
2026-03-01 00:40:41,291 [INFO] [CLIPipeServer] [cli_server/cli_server.py:114]: Log pipe server stopped
2026-03-01 00:40:41,292 [DEBUG] [CLIPipeServer] [cli_server/cli_server.py:209]: CLI server stopped
2026-03-01 00:40:41,309 [DEBUG] [MainThread] [systray_widget/systray.py:470]: Saving state to disk
2026-03-01 00:40:41,310 [DEBUG] [MainThread] [systray_widget/systray.py:474]: Saving state to C:\Users\ahmadinne\AppData\Local\YASB\systray_state_XILINXINCMIMONITOR5790020029475.json
2026-03-01 00:40:41,311 [DEBUG] [MainThread] [systray_widget/utils.py:97]: Destroying window 3474476
2026-03-01 00:40:41,312 [DEBUG] [MainThread] [systray_widget/utils.py:97]: Destroying window 3474476
2026-03-01 00:40:41,660 [INFO] [MainThread] [root/log.py:95]: YASB v1.9.0
2026-03-01 00:40:41,660 [INFO] [CLIPipeServer] [cli_server/cli_server.py:215]: CLI server started v1.1.6
2026-03-01 00:40:41,660 [INFO] [MainThread] [cli_server/cli_server.py:106]: Log pipe server started
2026-03-01 00:40:41,690 [DEBUG] [MainThread] [qasync._windows._EventPoller/_windows.py:215]: Starting (proactor: <_IocpProactor overlapped#=0 result#=0>)...
2026-03-01 00:40:41,691 [DEBUG] [Dummy-3] [qasync._windows._EventWorker/_windows.py:195]: Thread started
2026-03-01 00:40:41,822 [INFO] [MainThread] [root/service.py:52]: AudioOutputService starting...
2026-03-01 00:40:42,178 [INFO] [MainThread] [root/watcher.py:65]: Watching directory: c:\users\ahmadinne\.config\yasb\menu
2026-03-01 00:40:42,179 [INFO] [MainThread] [root/watcher.py:65]: Watching directory: c:\users\ahmadinne\.config\yasb
2026-03-01 00:40:42,179 [INFO] [MainThread] [root/watcher.py:104]: Created file watcher
2026-03-01 00:40:42,200 [INFO] [MainThread] [root/update_service.py:429]: Background update checker started
2026-03-01 00:40:42,214 [DEBUG] [MainThread] [systray_widget/systray.py:492]: Loading state from C:\Users\ahmadinne\AppData\Local\YASB\systray_state_XILINXINCMIMONITOR5790020029475.json
2026-03-01 00:40:42,216 [DEBUG] [SystrayMonitor] [systray_widget/systray.py:57]: Systray thread is starting...
2026-03-01 00:40:42,243 [DEBUG] [MainThread] [systray_widget/systray.py:243]: Systray thread started
2026-03-01 00:40:42,445 [DEBUG] [SystrayMonitor] [systray_widget/systray_monitor.py:168]: Adding TaskbandHWND prop to hwnd 25953928
2026-03-01 00:40:42,448 [DEBUG] [SystrayMonitor] [systray_widget/systray_monitor.py:246]: Finding real tray hwnd
2026-03-01 00:40:42,454 [DEBUG] [MainThread] [systray_widget/systray_monitor.py:160]: Sending TaskbarCreated message: 49249
2026-03-01 00:55:30,190 [INFO] [CLIPipeServer] [cli_server/cli_server.py:256]: CLI server received command: reload
2026-03-01 00:55:30,192 [INFO] [CLIPipeServer] [root/controller.py:15]: Reloading Application from CLI...
2026-03-01 00:55:30,306 [INFO] [CLIPipeServer] [cli_server/cli_server.py:114]: Log pipe server stopped
2026-03-01 00:55:30,307 [DEBUG] [CLIPipeServer] [cli_server/cli_server.py:209]: CLI server stopped
2026-03-01 00:55:30,328 [DEBUG] [MainThread] [systray_widget/systray.py:470]: Saving state to disk
2026-03-01 00:55:30,328 [DEBUG] [MainThread] [systray_widget/systray.py:474]: Saving state to C:\Users\ahmadinne\AppData\Local\YASB\systray_state_XILINXINCMIMONITOR5790020029475.json
2026-03-01 00:55:30,330 [DEBUG] [MainThread] [systray_widget/utils.py:97]: Destroying window 25953928
2026-03-01 00:55:30,330 [DEBUG] [MainThread] [systray_widget/utils.py:97]: Destroying window 25953928
2026-03-01 00:55:30,709 [INFO] [MainThread] [root/log.py:95]: YASB v1.9.0
2026-03-01 00:55:30,710 [INFO] [CLIPipeServer] [cli_server/cli_server.py:215]: CLI server started v1.1.6
2026-03-01 00:55:30,710 [INFO] [MainThread] [cli_server/cli_server.py:106]: Log pipe server started
2026-03-01 00:55:30,745 [DEBUG] [MainThread] [qasync._windows._EventPoller/_windows.py:215]: Starting (proactor: <_IocpProactor overlapped#=0 result#=0>)...
2026-03-01 00:55:30,745 [DEBUG] [Dummy-3] [qasync._windows._EventWorker/_windows.py:195]: Thread started
2026-03-01 00:55:30,882 [INFO] [MainThread] [root/service.py:52]: AudioOutputService starting...
2026-03-01 00:55:31,248 [INFO] [MainThread] [root/watcher.py:65]: Watching directory: c:\users\ahmadinne\.config\yasb
2026-03-01 00:55:31,248 [INFO] [MainThread] [root/watcher.py:65]: Watching directory: c:\users\ahmadinne\.config\yasb\menu
2026-03-01 00:55:31,249 [INFO] [MainThread] [root/watcher.py:104]: Created file watcher
2026-03-01 00:55:31,271 [INFO] [MainThread] [root/update_service.py:429]: Background update checker started
2026-03-01 00:55:31,286 [DEBUG] [MainThread] [systray_widget/systray.py:492]: Loading state from C:\Users\ahmadinne\AppData\Local\YASB\systray_state_XILINXINCMIMONITOR5790020029475.json
2026-03-01 00:55:31,288 [DEBUG] [SystrayMonitor] [systray_widget/systray.py:57]: Systray thread is starting...
2026-03-01 00:55:31,315 [DEBUG] [MainThread] [systray_widget/systray.py:243]: Systray thread started
2026-03-01 00:55:31,517 [DEBUG] [SystrayMonitor] [systray_widget/systray_monitor.py:168]: Adding TaskbandHWND prop to hwnd 3802832
2026-03-01 00:55:31,520 [DEBUG] [SystrayMonitor] [systray_widget/systray_monitor.py:246]: Finding real tray hwnd
2026-03-01 00:55:31,524 [DEBUG] [MainThread] [systray_widget/systray_monitor.py:160]: Sending TaskbarCreated message: 49249
2026-03-01 00:56:02,889 [INFO] [CLIPipeServer] [cli_server/cli_server.py:256]: CLI server received command: reload
2026-03-01 00:56:02,890 [INFO] [CLIPipeServer] [root/controller.py:15]: Reloading Application from CLI...
2026-03-01 00:56:02,993 [INFO] [CLIPipeServer] [cli_server/cli_server.py:114]: Log pipe server stopped
2026-03-01 00:56:02,993 [DEBUG] [CLIPipeServer] [cli_server/cli_server.py:209]: CLI server stopped
2026-03-01 00:56:03,010 [DEBUG] [MainThread] [systray_widget/systray.py:470]: Saving state to disk
2026-03-01 00:56:03,010 [DEBUG] [MainThread] [systray_widget/systray.py:474]: Saving state to C:\Users\ahmadinne\AppData\Local\YASB\systray_state_XILINXINCMIMONITOR5790020029475.json
2026-03-01 00:56:03,011 [DEBUG] [MainThread] [systray_widget/utils.py:97]: Destroying window 3802832
2026-03-01 00:56:03,012 [DEBUG] [MainThread] [systray_widget/utils.py:97]: Destroying window 3802832
2026-03-01 00:56:03,375 [INFO] [MainThread] [root/log.py:95]: YASB v1.9.0
2026-03-01 00:56:03,376 [INFO] [CLIPipeServer] [cli_server/cli_server.py:215]: CLI server started v1.1.6
2026-03-01 00:56:03,376 [INFO] [MainThread] [cli_server/cli_server.py:106]: Log pipe server started
2026-03-01 00:56:03,412 [DEBUG] [MainThread] [qasync._windows._EventPoller/_windows.py:215]: Starting (proactor: <_IocpProactor overlapped#=0 result#=0>)...
2026-03-01 00:56:03,412 [DEBUG] [Dummy-3] [qasync._windows._EventWorker/_windows.py:195]: Thread started
2026-03-01 00:56:03,544 [INFO] [MainThread] [root/service.py:52]: AudioOutputService starting...
2026-03-01 00:56:03,955 [INFO] [MainThread] [root/watcher.py:65]: Watching directory: c:\users\ahmadinne\.config\yasb
2026-03-01 00:56:03,956 [INFO] [MainThread] [root/watcher.py:65]: Watching directory: c:\users\ahmadinne\.config\yasb\menu
2026-03-01 00:56:03,956 [INFO] [MainThread] [root/watcher.py:104]: Created file watcher
2026-03-01 00:56:03,977 [INFO] [MainThread] [root/update_service.py:429]: Background update checker started
2026-03-01 00:56:03,992 [DEBUG] [MainThread] [systray_widget/systray.py:492]: Loading state from C:\Users\ahmadinne\AppData\Local\YASB\systray_state_XILINXINCMIMONITOR5790020029475.json
2026-03-01 00:56:03,994 [DEBUG] [SystrayMonitor] [systray_widget/systray.py:57]: Systray thread is starting...
2026-03-01 00:56:04,021 [DEBUG] [MainThread] [systray_widget/systray.py:243]: Systray thread started
2026-03-01 00:56:04,223 [DEBUG] [SystrayMonitor] [systray_widget/systray_monitor.py:168]: Adding TaskbandHWND prop to hwnd 4851296
2026-03-01 00:56:04,226 [DEBUG] [SystrayMonitor] [systray_widget/systray_monitor.py:246]: Finding real tray hwnd
2026-03-01 00:56:04,232 [DEBUG] [MainThread] [systray_widget/systray_monitor.py:160]: Sending TaskbarCreated message: 49249
2026-03-01 00:56:31,436 [INFO] [CLIPipeServer] [cli_server/cli_server.py:256]: CLI server received command: reload
2026-03-01 00:56:31,436 [INFO] [CLIPipeServer] [root/controller.py:15]: Reloading Application from CLI...
2026-03-01 00:56:31,548 [INFO] [CLIPipeServer] [cli_server/cli_server.py:114]: Log pipe server stopped
2026-03-01 00:56:31,549 [DEBUG] [CLIPipeServer] [cli_server/cli_server.py:209]: CLI server stopped
2026-03-01 00:56:31,586 [DEBUG] [MainThread] [systray_widget/systray.py:470]: Saving state to disk
2026-03-01 00:56:31,586 [DEBUG] [MainThread] [systray_widget/systray.py:474]: Saving state to C:\Users\ahmadinne\AppData\Local\YASB\systray_state_XILINXINCMIMONITOR5790020029475.json
2026-03-01 00:56:31,588 [DEBUG] [MainThread] [systray_widget/utils.py:97]: Destroying window 4851296
2026-03-01 00:56:31,588 [DEBUG] [MainThread] [systray_widget/utils.py:97]: Destroying window 4851296
2026-03-01 00:56:31,984 [INFO] [MainThread] [root/log.py:95]: YASB v1.9.0
2026-03-01 00:56:31,985 [INFO] [CLIPipeServer] [cli_server/cli_server.py:215]: CLI server started v1.1.6
2026-03-01 00:56:31,985 [INFO] [MainThread] [cli_server/cli_server.py:106]: Log pipe server started
2026-03-01 00:56:32,023 [DEBUG] [MainThread] [qasync._windows._EventPoller/_windows.py:215]: Starting (proactor: <_IocpProactor overlapped#=0 result#=0>)...
2026-03-01 00:56:32,024 [DEBUG] [Dummy-3] [qasync._windows._EventWorker/_windows.py:195]: Thread started
2026-03-01 00:56:32,169 [INFO] [MainThread] [root/service.py:52]: AudioOutputService starting...
2026-03-01 00:56:32,632 [INFO] [MainThread] [root/watcher.py:65]: Watching directory: c:\users\ahmadinne\.config\yasb
2026-03-01 00:56:32,632 [INFO] [MainThread] [root/watcher.py:65]: Watching directory: c:\users\ahmadinne\.config\yasb\menu
2026-03-01 00:56:32,632 [INFO] [MainThread] [root/watcher.py:104]: Created file watcher
2026-03-01 00:56:32,656 [INFO] [MainThread] [root/update_service.py:429]: Background update checker started
2026-03-01 00:56:32,674 [DEBUG] [MainThread] [systray_widget/systray.py:492]: Loading state from C:\Users\ahmadinne\AppData\Local\YASB\systray_state_XILINXINCMIMONITOR5790020029475.json
2026-03-01 00:56:32,676 [DEBUG] [SystrayMonitor] [systray_widget/systray.py:57]: Systray thread is starting...
2026-03-01 00:56:32,704 [DEBUG] [MainThread] [systray_widget/systray.py:243]: Systray thread started
2026-03-01 00:56:32,906 [DEBUG] [SystrayMonitor] [systray_widget/systray_monitor.py:168]: Adding TaskbandHWND prop to hwnd 12517570
2026-03-01 00:56:32,909 [DEBUG] [SystrayMonitor] [systray_widget/systray_monitor.py:246]: Finding real tray hwnd
2026-03-01 00:56:32,918 [DEBUG] [MainThread] [systray_widget/systray_monitor.py:160]: Sending TaskbarCreated message: 49249
2026-03-01 00:56:41,548 [INFO] [CLIPipeServer] [cli_server/cli_server.py:256]: CLI server received command: reload
2026-03-01 00:56:41,549 [INFO] [CLIPipeServer] [root/controller.py:15]: Reloading Application from CLI...
2026-03-01 00:56:41,649 [INFO] [CLIPipeServer] [cli_server/cli_server.py:114]: Log pipe server stopped
2026-03-01 00:56:41,649 [DEBUG] [CLIPipeServer] [cli_server/cli_server.py:209]: CLI server stopped
2026-03-01 00:56:41,707 [DEBUG] [MainThread] [systray_widget/systray.py:470]: Saving state to disk
2026-03-01 00:56:41,708 [DEBUG] [MainThread] [systray_widget/systray.py:474]: Saving state to C:\Users\ahmadinne\AppData\Local\YASB\systray_state_XILINXINCMIMONITOR5790020029475.json
2026-03-01 00:56:41,710 [DEBUG] [MainThread] [systray_widget/utils.py:97]: Destroying window 12517570
2026-03-01 00:56:41,710 [DEBUG] [MainThread] [systray_widget/utils.py:97]: Destroying window 12517570
2026-03-01 00:56:42,056 [INFO] [MainThread] [root/log.py:95]: YASB v1.9.0
2026-03-01 00:56:42,056 [INFO] [CLIPipeServer] [cli_server/cli_server.py:215]: CLI server started v1.1.6
2026-03-01 00:56:42,056 [INFO] [MainThread] [cli_server/cli_server.py:106]: Log pipe server started
2026-03-01 00:56:42,092 [DEBUG] [MainThread] [qasync._windows._EventPoller/_windows.py:215]: Starting (proactor: <_IocpProactor overlapped#=0 result#=0>)...
2026-03-01 00:56:42,093 [DEBUG] [Dummy-3] [qasync._windows._EventWorker/_windows.py:195]: Thread started
2026-03-01 00:56:42,230 [INFO] [MainThread] [root/service.py:52]: AudioOutputService starting...
2026-03-01 00:56:42,703 [INFO] [MainThread] [root/watcher.py:65]: Watching directory: c:\users\ahmadinne\.config\yasb\menu
2026-03-01 00:56:42,703 [INFO] [MainThread] [root/watcher.py:65]: Watching directory: c:\users\ahmadinne\.config\yasb
2026-03-01 00:56:42,703 [INFO] [MainThread] [root/watcher.py:104]: Created file watcher
2026-03-01 00:56:42,725 [INFO] [MainThread] [root/update_service.py:429]: Background update checker started
2026-03-01 00:56:42,742 [DEBUG] [MainThread] [systray_widget/systray.py:492]: Loading state from C:\Users\ahmadinne\AppData\Local\YASB\systray_state_XILINXINCMIMONITOR5790020029475.json
2026-03-01 00:56:42,744 [DEBUG] [SystrayMonitor] [systray_widget/systray.py:57]: Systray thread is starting...
2026-03-01 00:56:42,771 [DEBUG] [MainThread] [systray_widget/systray.py:243]: Systray thread started
2026-03-01 00:56:42,974 [DEBUG] [SystrayMonitor] [systray_widget/systray_monitor.py:168]: Adding TaskbandHWND prop to hwnd 7209762
2026-03-01 00:56:42,977 [DEBUG] [SystrayMonitor] [systray_widget/systray_monitor.py:246]: Finding real tray hwnd
2026-03-01 00:56:42,983 [DEBUG] [MainThread] [systray_widget/systray_monitor.py:160]: Sending TaskbarCreated message: 49249
2026-03-01 00:56:56,512 [INFO] [CLIPipeServer] [cli_server/cli_server.py:256]: CLI server received command: reload
2026-03-01 00:56:56,513 [INFO] [CLIPipeServer] [root/controller.py:15]: Reloading Application from CLI...
2026-03-01 00:56:56,614 [INFO] [CLIPipeServer] [cli_server/cli_server.py:114]: Log pipe server stopped
2026-03-01 00:56:56,614 [DEBUG] [CLIPipeServer] [cli_server/cli_server.py:209]: CLI server stopped
2026-03-01 00:56:56,670 [DEBUG] [MainThread] [systray_widget/systray.py:470]: Saving state to disk
2026-03-01 00:56:56,671 [DEBUG] [MainThread] [systray_widget/systray.py:474]: Saving state to C:\Users\ahmadinne\AppData\Local\YASB\systray_state_XILINXINCMIMONITOR5790020029475.json
2026-03-01 00:56:56,672 [DEBUG] [MainThread] [systray_widget/utils.py:97]: Destroying window 7209762
2026-03-01 00:56:56,673 [DEBUG] [MainThread] [systray_widget/utils.py:97]: Destroying window 7209762
2026-03-01 00:56:57,041 [INFO] [MainThread] [root/log.py:95]: YASB v1.9.0
2026-03-01 00:56:57,041 [INFO] [CLIPipeServer] [cli_server/cli_server.py:215]: CLI server started v1.1.6
2026-03-01 00:56:57,042 [INFO] [MainThread] [cli_server/cli_server.py:106]: Log pipe server started
2026-03-01 00:56:57,077 [DEBUG] [MainThread] [qasync._windows._EventPoller/_windows.py:215]: Starting (proactor: <_IocpProactor overlapped#=0 result#=0>)...
2026-03-01 00:56:57,078 [DEBUG] [Dummy-3] [qasync._windows._EventWorker/_windows.py:195]: Thread started
2026-03-01 00:56:57,208 [INFO] [MainThread] [root/service.py:52]: AudioOutputService starting...
2026-03-01 00:56:57,543 [INFO] [MainThread] [root/watcher.py:65]: Watching directory: c:\users\ahmadinne\.config\yasb\menu
2026-03-01 00:56:57,543 [INFO] [MainThread] [root/watcher.py:65]: Watching directory: c:\users\ahmadinne\.config\yasb
2026-03-01 00:56:57,543 [INFO] [MainThread] [root/watcher.py:104]: Created file watcher
2026-03-01 00:56:57,565 [INFO] [MainThread] [root/update_service.py:429]: Background update checker started
2026-03-01 00:56:57,578 [DEBUG] [MainThread] [systray_widget/systray.py:492]: Loading state from C:\Users\ahmadinne\AppData\Local\YASB\systray_state_XILINXINCMIMONITOR5790020029475.json
2026-03-01 00:56:57,580 [DEBUG] [SystrayMonitor] [systray_widget/systray.py:57]: Systray thread is starting...
2026-03-01 00:56:57,604 [DEBUG] [MainThread] [systray_widget/systray.py:243]: Systray thread started
2026-03-01 00:56:57,805 [DEBUG] [SystrayMonitor] [systray_widget/systray_monitor.py:168]: Adding TaskbandHWND prop to hwnd 6619872
2026-03-01 00:56:57,808 [DEBUG] [SystrayMonitor] [systray_widget/systray_monitor.py:246]: Finding real tray hwnd
2026-03-01 00:56:57,814 [DEBUG] [MainThread] [systray_widget/systray_monitor.py:160]: Sending TaskbarCreated message: 49249
2026-03-01 00:57:07,913 [INFO] [CLIPipeServer] [cli_server/cli_server.py:256]: CLI server received command: reload
2026-03-01 00:57:07,914 [INFO] [CLIPipeServer] [root/controller.py:15]: Reloading Application from CLI...
2026-03-01 00:57:08,019 [INFO] [CLIPipeServer] [cli_server/cli_server.py:114]: Log pipe server stopped
2026-03-01 00:57:08,019 [DEBUG] [CLIPipeServer] [cli_server/cli_server.py:209]: CLI server stopped
2026-03-01 00:57:08,097 [DEBUG] [MainThread] [systray_widget/systray.py:470]: Saving state to disk
2026-03-01 00:57:08,098 [DEBUG] [MainThread] [systray_widget/systray.py:474]: Saving state to C:\Users\ahmadinne\AppData\Local\YASB\systray_state_XILINXINCMIMONITOR5790020029475.json
2026-03-01 00:57:08,099 [DEBUG] [MainThread] [systray_widget/utils.py:97]: Destroying window 6619872
2026-03-01 00:57:08,100 [DEBUG] [MainThread] [systray_widget/utils.py:97]: Destroying window 6619872
2026-03-01 00:57:08,459 [INFO] [MainThread] [root/log.py:95]: YASB v1.9.0
2026-03-01 00:57:08,459 [INFO] [CLIPipeServer] [cli_server/cli_server.py:215]: CLI server started v1.1.6
2026-03-01 00:57:08,459 [INFO] [MainThread] [cli_server/cli_server.py:106]: Log pipe server started
2026-03-01 00:57:08,492 [DEBUG] [MainThread] [qasync._windows._EventPoller/_windows.py:215]: Starting (proactor: <_IocpProactor overlapped#=0 result#=0>)...
2026-03-01 00:57:08,492 [DEBUG] [Dummy-3] [qasync._windows._EventWorker/_windows.py:195]: Thread started
2026-03-01 00:57:08,647 [INFO] [MainThread] [root/service.py:52]: AudioOutputService starting...
2026-03-01 00:57:09,094 [INFO] [MainThread] [root/watcher.py:65]: Watching directory: c:\users\ahmadinne\.config\yasb\menu
2026-03-01 00:57:09,095 [INFO] [MainThread] [root/watcher.py:65]: Watching directory: c:\users\ahmadinne\.config\yasb
2026-03-01 00:57:09,095 [INFO] [MainThread] [root/watcher.py:104]: Created file watcher
2026-03-01 00:57:09,116 [INFO] [MainThread] [root/update_service.py:429]: Background update checker started
2026-03-01 00:57:09,131 [DEBUG] [MainThread] [systray_widget/systray.py:492]: Loading state from C:\Users\ahmadinne\AppData\Local\YASB\systray_state_XILINXINCMIMONITOR5790020029475.json
2026-03-01 00:57:09,132 [DEBUG] [SystrayMonitor] [systray_widget/systray.py:57]: Systray thread is starting...
2026-03-01 00:57:09,149 [DEBUG] [MainThread] [systray_widget/systray.py:243]: Systray thread started
2026-03-01 00:57:09,351 [DEBUG] [SystrayMonitor] [systray_widget/systray_monitor.py:168]: Adding TaskbandHWND prop to hwnd 5113440
2026-03-01 00:57:09,355 [DEBUG] [SystrayMonitor] [systray_widget/systray_monitor.py:246]: Finding real tray hwnd
2026-03-01 00:57:09,358 [DEBUG] [MainThread] [systray_widget/systray_monitor.py:160]: Sending TaskbarCreated message: 49249
2026-03-01 00:57:58,555 [INFO] [CLIPipeServer] [cli_server/cli_server.py:256]: CLI server received command: reload
2026-03-01 00:57:58,556 [INFO] [CLIPipeServer] [root/controller.py:15]: Reloading Application from CLI...
2026-03-01 00:57:58,667 [INFO] [CLIPipeServer] [cli_server/cli_server.py:114]: Log pipe server stopped
2026-03-01 00:57:58,668 [DEBUG] [CLIPipeServer] [cli_server/cli_server.py:209]: CLI server stopped
2026-03-01 00:57:58,753 [DEBUG] [MainThread] [systray_widget/systray.py:470]: Saving state to disk
2026-03-01 00:57:58,754 [DEBUG] [MainThread] [systray_widget/systray.py:474]: Saving state to C:\Users\ahmadinne\AppData\Local\YASB\systray_state_XILINXINCMIMONITOR5790020029475.json
2026-03-01 00:57:58,757 [DEBUG] [MainThread] [systray_widget/utils.py:97]: Destroying window 5113440
2026-03-01 00:57:58,758 [DEBUG] [MainThread] [systray_widget/utils.py:97]: Destroying window 5113440
2026-03-01 00:57:59,082 [INFO] [MainThread] [root/log.py:95]: YASB v1.9.0
2026-03-01 00:57:59,083 [INFO] [CLIPipeServer] [cli_server/cli_server.py:215]: CLI server started v1.1.6
2026-03-01 00:57:59,083 [INFO] [MainThread] [cli_server/cli_server.py:106]: Log pipe server started
2026-03-01 00:57:59,116 [DEBUG] [MainThread] [qasync._windows._EventPoller/_windows.py:215]: Starting (proactor: <_IocpProactor overlapped#=0 result#=0>)...
2026-03-01 00:57:59,117 [DEBUG] [Dummy-3] [qasync._windows._EventWorker/_windows.py:195]: Thread started
2026-03-01 00:57:59,255 [INFO] [MainThread] [root/service.py:52]: AudioOutputService starting...
2026-03-01 00:57:59,597 [INFO] [MainThread] [root/watcher.py:65]: Watching directory: c:\users\ahmadinne\.config\yasb\menu
2026-03-01 00:57:59,597 [INFO] [MainThread] [root/watcher.py:65]: Watching directory: c:\users\ahmadinne\.config\yasb
2026-03-01 00:57:59,598 [INFO] [MainThread] [root/watcher.py:104]: Created file watcher
2026-03-01 00:57:59,621 [INFO] [MainThread] [root/update_service.py:429]: Background update checker started
2026-03-01 00:57:59,641 [DEBUG] [MainThread] [systray_widget/systray.py:492]: Loading state from C:\Users\ahmadinne\AppData\Local\YASB\systray_state_XILINXINCMIMONITOR5790020029475.json
2026-03-01 00:57:59,643 [DEBUG] [SystrayMonitor] [systray_widget/systray.py:57]: Systray thread is starting...
2026-03-01 00:57:59,668 [DEBUG] [MainThread] [systray_widget/systray.py:243]: Systray thread started
2026-03-01 00:57:59,868 [DEBUG] [SystrayMonitor] [systray_widget/systray_monitor.py:168]: Adding TaskbandHWND prop to hwnd 5375572
2026-03-01 00:57:59,872 [DEBUG] [SystrayMonitor] [systray_widget/systray_monitor.py:246]: Finding real tray hwnd
2026-03-01 00:57:59,875 [DEBUG] [MainThread] [systray_widget/systray_monitor.py:160]: Sending TaskbarCreated message: 49249
2026-03-01 00:59:27,521 [INFO] [CLIPipeServer] [cli_server/cli_server.py:256]: CLI server received command: reload
2026-03-01 00:59:27,522 [INFO] [CLIPipeServer] [root/controller.py:15]: Reloading Application from CLI...
2026-03-01 00:59:27,634 [INFO] [CLIPipeServer] [cli_server/cli_server.py:114]: Log pipe server stopped
2026-03-01 00:59:27,635 [DEBUG] [CLIPipeServer] [cli_server/cli_server.py:209]: CLI server stopped
2026-03-01 00:59:27,674 [DEBUG] [MainThread] [systray_widget/systray.py:470]: Saving state to disk
2026-03-01 00:59:27,674 [DEBUG] [MainThread] [systray_widget/systray.py:474]: Saving state to C:\Users\ahmadinne\AppData\Local\YASB\systray_state_XILINXINCMIMONITOR5790020029475.json
2026-03-01 00:59:27,676 [DEBUG] [MainThread] [systray_widget/utils.py:97]: Destroying window 5375572
2026-03-01 00:59:27,676 [DEBUG] [MainThread] [systray_widget/utils.py:97]: Destroying window 5375572
2026-03-01 00:59:28,021 [INFO] [MainThread] [root/log.py:95]: YASB v1.9.0
2026-03-01 00:59:28,021 [INFO] [CLIPipeServer] [cli_server/cli_server.py:215]: CLI server started v1.1.6
2026-03-01 00:59:28,022 [INFO] [MainThread] [cli_server/cli_server.py:106]: Log pipe server started
2026-03-01 00:59:28,056 [DEBUG] [MainThread] [qasync._windows._EventPoller/_windows.py:215]: Starting (proactor: <_IocpProactor overlapped#=0 result#=0>)...
2026-03-01 00:59:28,057 [DEBUG] [Dummy-3] [qasync._windows._EventWorker/_windows.py:195]: Thread started
2026-03-01 00:59:28,186 [INFO] [MainThread] [root/service.py:52]: AudioOutputService starting...
2026-03-01 00:59:28,625 [INFO] [MainThread] [root/watcher.py:65]: Watching directory: c:\users\ahmadinne\.config\yasb
2026-03-01 00:59:28,626 [INFO] [MainThread] [root/watcher.py:65]: Watching directory: c:\users\ahmadinne\.config\yasb\menu
2026-03-01 00:59:28,626 [INFO] [MainThread] [root/watcher.py:104]: Created file watcher
2026-03-01 00:59:28,651 [INFO] [MainThread] [root/update_service.py:429]: Background update checker started
2026-03-01 00:59:28,667 [DEBUG] [MainThread] [systray_widget/systray.py:492]: Loading state from C:\Users\ahmadinne\AppData\Local\YASB\systray_state_XILINXINCMIMONITOR5790020029475.json
2026-03-01 00:59:28,670 [DEBUG] [SystrayMonitor] [systray_widget/systray.py:57]: Systray thread is starting...
2026-03-01 00:59:28,697 [DEBUG] [MainThread] [systray_widget/systray.py:243]: Systray thread started
2026-03-01 00:59:28,900 [DEBUG] [SystrayMonitor] [systray_widget/systray_monitor.py:168]: Adding TaskbandHWND prop to hwnd 721820
2026-03-01 00:59:28,903 [DEBUG] [SystrayMonitor] [systray_widget/systray_monitor.py:246]: Finding real tray hwnd
2026-03-01 00:59:28,910 [DEBUG] [MainThread] [systray_widget/systray_monitor.py:160]: Sending TaskbarCreated message: 49249
2026-03-01 01:04:08,800 [INFO] [CLIPipeServer] [cli_server/cli_server.py:256]: CLI server received command: reload
2026-03-01 01:04:08,801 [INFO] [CLIPipeServer] [root/controller.py:15]: Reloading Application from CLI...
2026-03-01 01:04:08,910 [INFO] [CLIPipeServer] [cli_server/cli_server.py:114]: Log pipe server stopped
2026-03-01 01:04:08,910 [DEBUG] [CLIPipeServer] [cli_server/cli_server.py:209]: CLI server stopped
2026-03-01 01:04:08,982 [DEBUG] [MainThread] [systray_widget/systray.py:470]: Saving state to disk
2026-03-01 01:04:08,983 [DEBUG] [MainThread] [systray_widget/systray.py:474]: Saving state to C:\Users\ahmadinne\AppData\Local\YASB\systray_state_XILINXINCMIMONITOR5790020029475.json
2026-03-01 01:04:08,985 [DEBUG] [MainThread] [systray_widget/utils.py:97]: Destroying window 721820
2026-03-01 01:04:08,986 [DEBUG] [MainThread] [systray_widget/utils.py:97]: Destroying window 721820
2026-03-01 01:04:09,346 [INFO] [MainThread] [root/log.py:95]: YASB v1.9.0
2026-03-01 01:04:09,346 [INFO] [CLIPipeServer] [cli_server/cli_server.py:215]: CLI server started v1.1.6
2026-03-01 01:04:09,347 [INFO] [MainThread] [cli_server/cli_server.py:106]: Log pipe server started
2026-03-01 01:04:09,382 [DEBUG] [MainThread] [qasync._windows._EventPoller/_windows.py:215]: Starting (proactor: <_IocpProactor overlapped#=0 result#=0>)...
2026-03-01 01:04:09,383 [DEBUG] [Dummy-3] [qasync._windows._EventWorker/_windows.py:195]: Thread started
2026-03-01 01:04:09,515 [INFO] [MainThread] [root/service.py:52]: AudioOutputService starting...
2026-03-01 01:04:09,860 [INFO] [MainThread] [root/watcher.py:65]: Watching directory: c:\users\ahmadinne\.config\yasb
2026-03-01 01:04:09,860 [INFO] [MainThread] [root/watcher.py:65]: Watching directory: c:\users\ahmadinne\.config\yasb\menu
2026-03-01 01:04:09,860 [INFO] [MainThread] [root/watcher.py:104]: Created file watcher
2026-03-01 01:04:09,883 [INFO] [MainThread] [root/update_service.py:429]: Background update checker started
2026-03-01 01:04:09,895 [DEBUG] [MainThread] [systray_widget/systray.py:492]: Loading state from C:\Users\ahmadinne\AppData\Local\YASB\systray_state_XILINXINCMIMONITOR5790020029475.json
2026-03-01 01:04:09,898 [DEBUG] [SystrayMonitor] [systray_widget/systray.py:57]: Systray thread is starting...
2026-03-01 01:04:09,918 [DEBUG] [MainThread] [systray_widget/systray.py:243]: Systray thread started
2026-03-01 01:04:10,118 [DEBUG] [SystrayMonitor] [systray_widget/systray_monitor.py:168]: Adding TaskbandHWND prop to hwnd 12910786
2026-03-01 01:04:10,121 [DEBUG] [SystrayMonitor] [systray_widget/systray_monitor.py:246]: Finding real tray hwnd
2026-03-01 01:04:10,126 [DEBUG] [MainThread] [systray_widget/systray_monitor.py:160]: Sending TaskbarCreated message: 49249
2026-03-01 01:04:44,950 [INFO] [CLIPipeServer] [cli_server/cli_server.py:256]: CLI server received command: reload
2026-03-01 01:04:44,951 [INFO] [CLIPipeServer] [root/controller.py:15]: Reloading Application from CLI...
2026-03-01 01:04:45,054 [INFO] [CLIPipeServer] [cli_server/cli_server.py:114]: Log pipe server stopped
2026-03-01 01:04:45,054 [DEBUG] [CLIPipeServer] [cli_server/cli_server.py:209]: CLI server stopped
2026-03-01 01:04:45,135 [DEBUG] [MainThread] [systray_widget/systray.py:470]: Saving state to disk
2026-03-01 01:04:45,135 [DEBUG] [MainThread] [systray_widget/systray.py:474]: Saving state to C:\Users\ahmadinne\AppData\Local\YASB\systray_state_XILINXINCMIMONITOR5790020029475.json
2026-03-01 01:04:45,137 [DEBUG] [MainThread] [systray_widget/utils.py:97]: Destroying window 12910786
2026-03-01 01:04:45,137 [DEBUG] [MainThread] [systray_widget/utils.py:97]: Destroying window 12910786
2026-03-01 01:04:45,496 [INFO] [MainThread] [root/log.py:95]: YASB v1.9.0
2026-03-01 01:04:45,496 [INFO] [CLIPipeServer] [cli_server/cli_server.py:215]: CLI server started v1.1.6
2026-03-01 01:04:45,497 [INFO] [MainThread] [cli_server/cli_server.py:106]: Log pipe server started
2026-03-01 01:04:45,530 [DEBUG] [MainThread] [qasync._windows._EventPoller/_windows.py:215]: Starting (proactor: <_IocpProactor overlapped#=0 result#=0>)...
2026-03-01 01:04:45,531 [DEBUG] [Dummy-3] [qasync._windows._EventWorker/_windows.py:195]: Thread started
2026-03-01 01:04:45,664 [INFO] [MainThread] [root/service.py:52]: AudioOutputService starting...
2026-03-01 01:04:46,059 [INFO] [MainThread] [root/watcher.py:65]: Watching directory: c:\users\ahmadinne\.config\yasb
2026-03-01 01:04:46,059 [INFO] [MainThread] [root/watcher.py:65]: Watching directory: c:\users\ahmadinne\.config\yasb\menu
2026-03-01 01:04:46,060 [INFO] [MainThread] [root/watcher.py:104]: Created file watcher
2026-03-01 01:04:46,082 [INFO] [MainThread] [root/update_service.py:429]: Background update checker started
2026-03-01 01:04:46,098 [DEBUG] [MainThread] [systray_widget/systray.py:492]: Loading state from C:\Users\ahmadinne\AppData\Local\YASB\systray_state_XILINXINCMIMONITOR5790020029475.json
2026-03-01 01:04:46,099 [DEBUG] [SystrayMonitor] [systray_widget/systray.py:57]: Systray thread is starting...
2026-03-01 01:04:46,123 [DEBUG] [MainThread] [systray_widget/systray.py:243]: Systray thread started
2026-03-01 01:04:46,324 [DEBUG] [SystrayMonitor] [systray_widget/systray_monitor.py:168]: Adding TaskbandHWND prop to hwnd 3605816
2026-03-01 01:04:46,327 [DEBUG] [SystrayMonitor] [systray_widget/systray_monitor.py:246]: Finding real tray hwnd
2026-03-01 01:04:46,333 [DEBUG] [MainThread] [systray_widget/systray_monitor.py:160]: Sending TaskbarCreated message: 49249
2026-03-01 01:07:29,187 [INFO] [CLIPipeServer] [cli_server/cli_server.py:256]: CLI server received command: reload
2026-03-01 01:07:29,188 [INFO] [CLIPipeServer] [root/controller.py:15]: Reloading Application from CLI...
2026-03-01 01:07:29,299 [INFO] [CLIPipeServer] [cli_server/cli_server.py:114]: Log pipe server stopped
2026-03-01 01:07:29,299 [DEBUG] [CLIPipeServer] [cli_server/cli_server.py:209]: CLI server stopped
2026-03-01 01:07:29,375 [DEBUG] [MainThread] [systray_widget/systray.py:470]: Saving state to disk
2026-03-01 01:07:29,376 [DEBUG] [MainThread] [systray_widget/systray.py:474]: Saving state to C:\Users\ahmadinne\AppData\Local\YASB\systray_state_XILINXINCMIMONITOR5790020029475.json
2026-03-01 01:07:29,379 [DEBUG] [MainThread] [systray_widget/utils.py:97]: Destroying window 3605816
2026-03-01 01:07:29,379 [DEBUG] [MainThread] [systray_widget/utils.py:97]: Destroying window 3605816
2026-03-01 01:07:29,768 [INFO] [MainThread] [root/log.py:95]: YASB v1.9.0
2026-03-01 01:07:29,769 [INFO] [CLIPipeServer] [cli_server/cli_server.py:215]: CLI server started v1.1.6
2026-03-01 01:07:29,769 [INFO] [MainThread] [cli_server/cli_server.py:106]: Log pipe server started
2026-03-01 01:07:29,811 [DEBUG] [MainThread] [qasync._windows._EventPoller/_windows.py:215]: Starting (proactor: <_IocpProactor overlapped#=0 result#=0>)...
2026-03-01 01:07:29,812 [DEBUG] [Dummy-3] [qasync._windows._EventWorker/_windows.py:195]: Thread started
2026-03-01 01:07:29,952 [INFO] [MainThread] [root/service.py:52]: AudioOutputService starting...
2026-03-01 01:07:30,297 [INFO] [MainThread] [root/watcher.py:65]: Watching directory: c:\users\ahmadinne\.config\yasb\menu
2026-03-01 01:07:30,297 [INFO] [MainThread] [root/watcher.py:65]: Watching directory: c:\users\ahmadinne\.config\yasb
2026-03-01 01:07:30,297 [INFO] [MainThread] [root/watcher.py:104]: Created file watcher
2026-03-01 01:07:30,318 [INFO] [MainThread] [root/update_service.py:429]: Background update checker started
2026-03-01 01:07:30,335 [DEBUG] [MainThread] [systray_widget/systray.py:492]: Loading state from C:\Users\ahmadinne\AppData\Local\YASB\systray_state_XILINXINCMIMONITOR5790020029475.json
2026-03-01 01:07:30,336 [DEBUG] [SystrayMonitor] [systray_widget/systray.py:57]: Systray thread is starting...
2026-03-01 01:07:30,360 [DEBUG] [MainThread] [systray_widget/systray.py:243]: Systray thread started
2026-03-01 01:07:30,562 [DEBUG] [SystrayMonitor] [systray_widget/systray_monitor.py:168]: Adding TaskbandHWND prop to hwnd 4522840
2026-03-01 01:07:30,565 [DEBUG] [SystrayMonitor] [systray_widget/systray_monitor.py:246]: Finding real tray hwnd
2026-03-01 01:07:30,571 [DEBUG] [MainThread] [systray_widget/systray_monitor.py:160]: Sending TaskbarCreated message: 49249
2026-03-01 01:07:43,191 [INFO] [CLIPipeServer] [cli_server/cli_server.py:256]: CLI server received command: reload
2026-03-01 01:07:43,192 [INFO] [CLIPipeServer] [root/controller.py:15]: Reloading Application from CLI...
2026-03-01 01:07:43,305 [INFO] [CLIPipeServer] [cli_server/cli_server.py:114]: Log pipe server stopped
2026-03-01 01:07:43,306 [DEBUG] [CLIPipeServer] [cli_server/cli_server.py:209]: CLI server stopped
2026-03-01 01:07:43,398 [DEBUG] [MainThread] [systray_widget/systray.py:470]: Saving state to disk
2026-03-01 01:07:43,399 [DEBUG] [MainThread] [systray_widget/systray.py:474]: Saving state to C:\Users\ahmadinne\AppData\Local\YASB\systray_state_XILINXINCMIMONITOR5790020029475.json
2026-03-01 01:07:43,401 [DEBUG] [MainThread] [systray_widget/utils.py:97]: Destroying window 4522840
2026-03-01 01:07:43,401 [DEBUG] [MainThread] [systray_widget/utils.py:97]: Destroying window 4522840
2026-03-01 01:07:43,751 [INFO] [MainThread] [root/log.py:95]: YASB v1.9.0
2026-03-01 01:07:43,752 [INFO] [CLIPipeServer] [cli_server/cli_server.py:215]: CLI server started v1.1.6
2026-03-01 01:07:43,752 [INFO] [MainThread] [cli_server/cli_server.py:106]: Log pipe server started
2026-03-01 01:07:43,784 [DEBUG] [MainThread] [qasync._windows._EventPoller/_windows.py:215]: Starting (proactor: <_IocpProactor overlapped#=0 result#=0>)...
2026-03-01 01:07:43,785 [DEBUG] [Dummy-3] [qasync._windows._EventWorker/_windows.py:195]: Thread started
2026-03-01 01:07:43,925 [INFO] [MainThread] [root/service.py:52]: AudioOutputService starting...
2026-03-01 01:07:44,295 [INFO] [MainThread] [root/watcher.py:65]: Watching directory: c:\users\ahmadinne\.config\yasb
2026-03-01 01:07:44,295 [INFO] [MainThread] [root/watcher.py:65]: Watching directory: c:\users\ahmadinne\.config\yasb\menu
2026-03-01 01:07:44,295 [INFO] [MainThread] [root/watcher.py:104]: Created file watcher
2026-03-01 01:07:44,317 [INFO] [MainThread] [root/update_service.py:429]: Background update checker started
2026-03-01 01:07:44,329 [DEBUG] [MainThread] [systray_widget/systray.py:492]: Loading state from C:\Users\ahmadinne\AppData\Local\YASB\systray_state_XILINXINCMIMONITOR5790020029475.json
2026-03-01 01:07:44,331 [DEBUG] [SystrayMonitor] [systray_widget/systray.py:57]: Systray thread is starting...
2026-03-01 01:07:44,362 [DEBUG] [MainThread] [systray_widget/systray.py:243]: Systray thread started
2026-03-01 01:07:44,563 [DEBUG] [SystrayMonitor] [systray_widget/systray_monitor.py:168]: Adding TaskbandHWND prop to hwnd 13107394
2026-03-01 01:07:44,566 [DEBUG] [SystrayMonitor] [systray_widget/systray_monitor.py:246]: Finding real tray hwnd
2026-03-01 01:07:44,572 [DEBUG] [MainThread] [systray_widget/systray_monitor.py:160]: Sending TaskbarCreated message: 49249
2026-03-01 01:07:59,731 [INFO] [CLIPipeServer] [cli_server/cli_server.py:256]: CLI server received command: reload
2026-03-01 01:07:59,732 [INFO] [CLIPipeServer] [root/controller.py:15]: Reloading Application from CLI...
2026-03-01 01:07:59,836 [INFO] [CLIPipeServer] [cli_server/cli_server.py:114]: Log pipe server stopped
2026-03-01 01:07:59,837 [DEBUG] [CLIPipeServer] [cli_server/cli_server.py:209]: CLI server stopped
2026-03-01 01:07:59,929 [DEBUG] [MainThread] [systray_widget/systray.py:470]: Saving state to disk
2026-03-01 01:07:59,930 [DEBUG] [MainThread] [systray_widget/systray.py:474]: Saving state to C:\Users\ahmadinne\AppData\Local\YASB\systray_state_XILINXINCMIMONITOR5790020029475.json
2026-03-01 01:07:59,932 [DEBUG] [MainThread] [systray_widget/utils.py:97]: Destroying window 13107394
2026-03-01 01:07:59,932 [DEBUG] [MainThread] [systray_widget/utils.py:97]: Destroying window 13107394
2026-03-01 01:08:00,375 [INFO] [MainThread] [root/log.py:95]: YASB v1.9.0
2026-03-01 01:08:00,376 [INFO] [CLIPipeServer] [cli_server/cli_server.py:215]: CLI server started v1.1.6
2026-03-01 01:08:00,376 [INFO] [MainThread] [cli_server/cli_server.py:106]: Log pipe server started
2026-03-01 01:08:00,413 [DEBUG] [MainThread] [qasync._windows._EventPoller/_windows.py:215]: Starting (proactor: <_IocpProactor overlapped#=0 result#=0>)...
2026-03-01 01:08:00,414 [DEBUG] [Dummy-3] [qasync._windows._EventWorker/_windows.py:195]: Thread started
2026-03-01 01:08:00,554 [INFO] [MainThread] [root/service.py:52]: AudioOutputService starting...
2026-03-01 01:08:01,045 [INFO] [MainThread] [root/watcher.py:65]: Watching directory: c:\users\ahmadinne\.config\yasb
2026-03-01 01:08:01,045 [INFO] [MainThread] [root/watcher.py:65]: Watching directory: c:\users\ahmadinne\.config\yasb\menu
2026-03-01 01:08:01,045 [INFO] [MainThread] [root/watcher.py:104]: Created file watcher
2026-03-01 01:08:01,071 [INFO] [MainThread] [root/update_service.py:429]: Background update checker started
2026-03-01 01:08:01,104 [DEBUG] [MainThread] [systray_widget/systray.py:492]: Loading state from C:\Users\ahmadinne\AppData\Local\YASB\systray_state_XILINXINCMIMONITOR5790020029475.json
2026-03-01 01:08:01,106 [DEBUG] [SystrayMonitor] [systray_widget/systray.py:57]: Systray thread is starting...
2026-03-01 01:08:01,152 [DEBUG] [MainThread] [systray_widget/systray.py:243]: Systray thread started
2026-03-01 01:08:01,353 [DEBUG] [SystrayMonitor] [systray_widget/systray_monitor.py:168]: Adding TaskbandHWND prop to hwnd 3802424
2026-03-01 01:08:01,356 [DEBUG] [SystrayMonitor] [systray_widget/systray_monitor.py:246]: Finding real tray hwnd
2026-03-01 01:08:01,364 [DEBUG] [MainThread] [systray_widget/systray_monitor.py:160]: Sending TaskbarCreated message: 49249
2026-03-01 01:09:09,842 [INFO] [CLIPipeServer] [cli_server/cli_server.py:256]: CLI server received command: reload
2026-03-01 01:09:09,843 [INFO] [CLIPipeServer] [root/controller.py:15]: Reloading Application from CLI...
2026-03-01 01:09:09,957 [INFO] [CLIPipeServer] [cli_server/cli_server.py:114]: Log pipe server stopped
2026-03-01 01:09:09,957 [DEBUG] [CLIPipeServer] [cli_server/cli_server.py:209]: CLI server stopped
2026-03-01 01:09:10,044 [DEBUG] [MainThread] [systray_widget/systray.py:470]: Saving state to disk
2026-03-01 01:09:10,045 [DEBUG] [MainThread] [systray_widget/systray.py:474]: Saving state to C:\Users\ahmadinne\AppData\Local\YASB\systray_state_XILINXINCMIMONITOR5790020029475.json
2026-03-01 01:09:10,047 [DEBUG] [MainThread] [systray_widget/utils.py:97]: Destroying window 3802424
2026-03-01 01:09:10,047 [DEBUG] [MainThread] [systray_widget/utils.py:97]: Destroying window 3802424
2026-03-01 01:09:10,401 [INFO] [MainThread] [root/log.py:95]: YASB v1.9.0
2026-03-01 01:09:10,402 [INFO] [CLIPipeServer] [cli_server/cli_server.py:215]: CLI server started v1.1.6
2026-03-01 01:09:10,402 [INFO] [MainThread] [cli_server/cli_server.py:106]: Log pipe server started
2026-03-01 01:09:10,436 [DEBUG] [MainThread] [qasync._windows._EventPoller/_windows.py:215]: Starting (proactor: <_IocpProactor overlapped#=0 result#=0>)...
2026-03-01 01:09:10,437 [DEBUG] [Dummy-3] [qasync._windows._EventWorker/_windows.py:195]: Thread started
2026-03-01 01:09:10,585 [INFO] [MainThread] [root/service.py:52]: AudioOutputService starting...
2026-03-01 01:09:10,935 [INFO] [MainThread] [root/watcher.py:65]: Watching directory: c:\users\ahmadinne\.config\yasb\menu
2026-03-01 01:09:10,935 [INFO] [MainThread] [root/watcher.py:65]: Watching directory: c:\users\ahmadinne\.config\yasb
2026-03-01 01:09:10,935 [INFO] [MainThread] [root/watcher.py:104]: Created file watcher
2026-03-01 01:09:10,958 [INFO] [MainThread] [root/update_service.py:429]: Background update checker started
2026-03-01 01:09:10,973 [DEBUG] [MainThread] [systray_widget/systray.py:492]: Loading state from C:\Users\ahmadinne\AppData\Local\YASB\systray_state_XILINXINCMIMONITOR5790020029475.json
2026-03-01 01:09:10,975 [DEBUG] [SystrayMonitor] [systray_widget/systray.py:57]: Systray thread is starting...
2026-03-01 01:09:10,997 [DEBUG] [MainThread] [systray_widget/systray.py:243]: Systray thread started
2026-03-01 01:09:11,198 [DEBUG] [SystrayMonitor] [systray_widget/systray_monitor.py:168]: Adding TaskbandHWND prop to hwnd 1115036
2026-03-01 01:09:11,201 [DEBUG] [SystrayMonitor] [systray_widget/systray_monitor.py:246]: Finding real tray hwnd
2026-03-01 01:09:11,206 [DEBUG] [MainThread] [systray_widget/systray_monitor.py:160]: Sending TaskbarCreated message: 49249
2026-03-01 01:10:42,399 [INFO] [CLIPipeServer] [cli_server/cli_server.py:256]: CLI server received command: reload
2026-03-01 01:10:42,400 [INFO] [CLIPipeServer] [root/controller.py:15]: Reloading Application from CLI...
2026-03-01 01:10:42,516 [INFO] [CLIPipeServer] [cli_server/cli_server.py:114]: Log pipe server stopped
2026-03-01 01:10:42,516 [DEBUG] [CLIPipeServer] [cli_server/cli_server.py:209]: CLI server stopped
2026-03-01 01:10:42,575 [DEBUG] [MainThread] [systray_widget/systray.py:470]: Saving state to disk
2026-03-01 01:10:42,576 [DEBUG] [MainThread] [systray_widget/systray.py:474]: Saving state to C:\Users\ahmadinne\AppData\Local\YASB\systray_state_XILINXINCMIMONITOR5790020029475.json
2026-03-01 01:10:42,577 [DEBUG] [MainThread] [systray_widget/utils.py:97]: Destroying window 1115036
2026-03-01 01:10:42,578 [DEBUG] [MainThread] [systray_widget/utils.py:97]: Destroying window 1115036
2026-03-01 01:10:42,983 [INFO] [MainThread] [root/log.py:95]: YASB v1.9.0
2026-03-01 01:10:42,983 [INFO] [CLIPipeServer] [cli_server/cli_server.py:215]: CLI server started v1.1.6
2026-03-01 01:10:42,984 [INFO] [MainThread] [cli_server/cli_server.py:106]: Log pipe server started
2026-03-01 01:10:43,026 [DEBUG] [MainThread] [qasync._windows._EventPoller/_windows.py:215]: Starting (proactor: <_IocpProactor overlapped#=0 result#=0>)...
2026-03-01 01:10:43,027 [DEBUG] [Dummy-3] [qasync._windows._EventWorker/_windows.py:195]: Thread started
2026-03-01 01:10:43,186 [INFO] [MainThread] [root/service.py:52]: AudioOutputService starting...
2026-03-01 01:10:43,528 [INFO] [MainThread] [root/watcher.py:65]: Watching directory: c:\users\ahmadinne\.config\yasb\menu
2026-03-01 01:10:43,528 [INFO] [MainThread] [root/watcher.py:65]: Watching directory: c:\users\ahmadinne\.config\yasb
2026-03-01 01:10:43,528 [INFO] [MainThread] [root/watcher.py:104]: Created file watcher
2026-03-01 01:10:43,550 [INFO] [MainThread] [root/update_service.py:429]: Background update checker started
2026-03-01 01:10:43,564 [DEBUG] [MainThread] [systray_widget/systray.py:492]: Loading state from C:\Users\ahmadinne\AppData\Local\YASB\systray_state_XILINXINCMIMONITOR5790020029475.json
2026-03-01 01:10:43,566 [DEBUG] [SystrayMonitor] [systray_widget/systray.py:57]: Systray thread is starting...
2026-03-01 01:10:43,599 [DEBUG] [MainThread] [systray_widget/systray.py:243]: Systray thread started
2026-03-01 01:10:43,802 [DEBUG] [SystrayMonitor] [systray_widget/systray_monitor.py:168]: Adding TaskbandHWND prop to hwnd 5506410
2026-03-01 01:10:43,806 [DEBUG] [SystrayMonitor] [systray_widget/systray_monitor.py:246]: Finding real tray hwnd
2026-03-01 01:10:43,813 [DEBUG] [MainThread] [systray_widget/systray_monitor.py:160]: Sending TaskbarCreated message: 49249
2026-03-01 01:11:35,441 [INFO] [CLIPipeServer] [cli_server/cli_server.py:256]: CLI server received command: reload
2026-03-01 01:11:35,442 [INFO] [CLIPipeServer] [root/controller.py:15]: Reloading Application from CLI...
2026-03-01 01:11:35,545 [INFO] [CLIPipeServer] [cli_server/cli_server.py:114]: Log pipe server stopped
2026-03-01 01:11:35,545 [DEBUG] [CLIPipeServer] [cli_server/cli_server.py:209]: CLI server stopped
2026-03-01 01:11:35,647 [DEBUG] [MainThread] [systray_widget/systray.py:470]: Saving state to disk
2026-03-01 01:11:35,648 [DEBUG] [MainThread] [systray_widget/systray.py:474]: Saving state to C:\Users\ahmadinne\AppData\Local\YASB\systray_state_XILINXINCMIMONITOR5790020029475.json
2026-03-01 01:11:35,650 [DEBUG] [MainThread] [systray_widget/utils.py:97]: Destroying window 5506410
2026-03-01 01:11:35,651 [DEBUG] [MainThread] [systray_widget/utils.py:97]: Destroying window 5506410
2026-03-01 01:11:36,016 [INFO] [MainThread] [root/log.py:95]: YASB v1.9.0
2026-03-01 01:11:36,016 [INFO] [CLIPipeServer] [cli_server/cli_server.py:215]: CLI server started v1.1.6
2026-03-01 01:11:36,017 [INFO] [MainThread] [cli_server/cli_server.py:106]: Log pipe server started
2026-03-01 01:11:36,052 [DEBUG] [MainThread] [qasync._windows._EventPoller/_windows.py:215]: Starting (proactor: <_IocpProactor overlapped#=0 result#=0>)...
2026-03-01 01:11:36,053 [DEBUG] [Dummy-3] [qasync._windows._EventWorker/_windows.py:195]: Thread started
2026-03-01 01:11:36,186 [INFO] [MainThread] [root/service.py:52]: AudioOutputService starting...
2026-03-01 01:11:36,594 [INFO] [MainThread] [root/watcher.py:65]: Watching directory: c:\users\ahmadinne\.config\yasb
2026-03-01 01:11:36,594 [INFO] [MainThread] [root/watcher.py:65]: Watching directory: c:\users\ahmadinne\.config\yasb\menu
2026-03-01 01:11:36,594 [INFO] [MainThread] [root/watcher.py:104]: Created file watcher
2026-03-01 01:11:36,622 [INFO] [MainThread] [root/update_service.py:429]: Background update checker started
2026-03-01 01:11:36,637 [DEBUG] [MainThread] [systray_widget/systray.py:492]: Loading state from C:\Users\ahmadinne\AppData\Local\YASB\systray_state_XILINXINCMIMONITOR5790020029475.json
2026-03-01 01:11:36,639 [DEBUG] [SystrayMonitor] [systray_widget/systray.py:57]: Systray thread is starting...
2026-03-01 01:11:36,664 [DEBUG] [MainThread] [systray_widget/systray.py:243]: Systray thread started
2026-03-01 01:11:36,866 [DEBUG] [SystrayMonitor] [systray_widget/systray_monitor.py:168]: Adding TaskbandHWND prop to hwnd 4850520
2026-03-01 01:11:36,869 [DEBUG] [SystrayMonitor] [systray_widget/systray_monitor.py:246]: Finding real tray hwnd
2026-03-01 01:11:36,874 [DEBUG] [MainThread] [systray_widget/systray_monitor.py:160]: Sending TaskbarCreated message: 49249
2026-03-01 01:11:55,876 [INFO] [CLIPipeServer] [cli_server/cli_server.py:256]: CLI server received command: reload
2026-03-01 01:11:55,877 [INFO] [CLIPipeServer] [root/controller.py:15]: Reloading Application from CLI...
2026-03-01 01:11:55,990 [INFO] [CLIPipeServer] [cli_server/cli_server.py:114]: Log pipe server stopped
2026-03-01 01:11:55,991 [DEBUG] [CLIPipeServer] [cli_server/cli_server.py:209]: CLI server stopped
2026-03-01 01:11:56,099 [DEBUG] [MainThread] [systray_widget/systray.py:470]: Saving state to disk
2026-03-01 01:11:56,100 [DEBUG] [MainThread] [systray_widget/systray.py:474]: Saving state to C:\Users\ahmadinne\AppData\Local\YASB\systray_state_XILINXINCMIMONITOR5790020029475.json
2026-03-01 01:11:56,103 [DEBUG] [MainThread] [systray_widget/utils.py:97]: Destroying window 4850520
2026-03-01 01:11:56,103 [DEBUG] [MainThread] [systray_widget/utils.py:97]: Destroying window 4850520
2026-03-01 01:11:56,476 [INFO] [MainThread] [root/log.py:95]: YASB v1.9.0
2026-03-01 01:11:56,476 [INFO] [CLIPipeServer] [cli_server/cli_server.py:215]: CLI server started v1.1.6
2026-03-01 01:11:56,477 [INFO] [MainThread] [cli_server/cli_server.py:106]: Log pipe server started
2026-03-01 01:11:56,541 [DEBUG] [MainThread] [qasync._windows._EventPoller/_windows.py:215]: Starting (proactor: <_IocpProactor overlapped#=0 result#=0>)...
2026-03-01 01:11:56,548 [DEBUG] [Dummy-3] [qasync._windows._EventWorker/_windows.py:195]: Thread started
2026-03-01 01:11:56,698 [INFO] [MainThread] [root/service.py:52]: AudioOutputService starting...
2026-03-01 01:11:57,084 [INFO] [MainThread] [root/watcher.py:65]: Watching directory: c:\users\ahmadinne\.config\yasb\menu
2026-03-01 01:11:57,084 [INFO] [MainThread] [root/watcher.py:65]: Watching directory: c:\users\ahmadinne\.config\yasb
2026-03-01 01:11:57,084 [INFO] [MainThread] [root/watcher.py:104]: Created file watcher
2026-03-01 01:11:57,106 [INFO] [MainThread] [root/update_service.py:429]: Background update checker started
2026-03-01 01:11:57,124 [DEBUG] [MainThread] [systray_widget/systray.py:492]: Loading state from C:\Users\ahmadinne\AppData\Local\YASB\systray_state_XILINXINCMIMONITOR5790020029475.json
2026-03-01 01:11:57,125 [DEBUG] [SystrayMonitor] [systray_widget/systray.py:57]: Systray thread is starting...
2026-03-01 01:11:57,145 [DEBUG] [MainThread] [systray_widget/systray.py:243]: Systray thread started
2026-03-01 01:11:57,346 [DEBUG] [SystrayMonitor] [systray_widget/systray_monitor.py:168]: Adding TaskbandHWND prop to hwnd 7013150
2026-03-01 01:11:57,349 [DEBUG] [SystrayMonitor] [systray_widget/systray_monitor.py:246]: Finding real tray hwnd
2026-03-01 01:11:57,354 [DEBUG] [MainThread] [systray_widget/systray_monitor.py:160]: Sending TaskbarCreated message: 49249
2026-03-01 01:15:44,310 [INFO] [CLIPipeServer] [cli_server/cli_server.py:256]: CLI server received command: reload
2026-03-01 01:15:44,311 [INFO] [CLIPipeServer] [root/controller.py:15]: Reloading Application from CLI...
2026-03-01 01:15:44,423 [INFO] [CLIPipeServer] [cli_server/cli_server.py:114]: Log pipe server stopped
2026-03-01 01:15:44,423 [DEBUG] [CLIPipeServer] [cli_server/cli_server.py:209]: CLI server stopped
2026-03-01 01:15:44,508 [DEBUG] [MainThread] [systray_widget/systray.py:470]: Saving state to disk
2026-03-01 01:15:44,509 [DEBUG] [MainThread] [systray_widget/systray.py:474]: Saving state to C:\Users\ahmadinne\AppData\Local\YASB\systray_state_XILINXINCMIMONITOR5790020029475.json
2026-03-01 01:15:44,511 [DEBUG] [MainThread] [systray_widget/utils.py:97]: Destroying window 7013150
2026-03-01 01:15:44,512 [DEBUG] [MainThread] [systray_widget/utils.py:97]: Destroying window 7013150
2026-03-01 01:15:44,865 [INFO] [MainThread] [root/log.py:95]: YASB v1.9.0
2026-03-01 01:15:44,865 [INFO] [CLIPipeServer] [cli_server/cli_server.py:215]: CLI server started v1.1.6
2026-03-01 01:15:44,866 [INFO] [MainThread] [cli_server/cli_server.py:106]: Log pipe server started
2026-03-01 01:15:44,901 [DEBUG] [MainThread] [qasync._windows._EventPoller/_windows.py:215]: Starting (proactor: <_IocpProactor overlapped#=0 result#=0>)...
2026-03-01 01:15:44,902 [DEBUG] [Dummy-3] [qasync._windows._EventWorker/_windows.py:195]: Thread started
2026-03-01 01:15:45,032 [INFO] [MainThread] [root/service.py:52]: AudioOutputService starting...
2026-03-01 01:15:45,378 [INFO] [MainThread] [root/watcher.py:65]: Watching directory: c:\users\ahmadinne\.config\yasb\menu
2026-03-01 01:15:45,378 [INFO] [MainThread] [root/watcher.py:65]: Watching directory: c:\users\ahmadinne\.config\yasb
2026-03-01 01:15:45,378 [INFO] [MainThread] [root/watcher.py:104]: Created file watcher
2026-03-01 01:15:45,406 [INFO] [MainThread] [root/update_service.py:429]: Background update checker started
2026-03-01 01:15:45,426 [DEBUG] [MainThread] [systray_widget/systray.py:492]: Loading state from C:\Users\ahmadinne\AppData\Local\YASB\systray_state_XILINXINCMIMONITOR5790020029475.json
2026-03-01 01:15:45,428 [DEBUG] [SystrayMonitor] [systray_widget/systray.py:57]: Systray thread is starting...
2026-03-01 01:15:45,460 [DEBUG] [MainThread] [systray_widget/systray.py:243]: Systray thread started
2026-03-01 01:15:45,663 [DEBUG] [SystrayMonitor] [systray_widget/systray_monitor.py:168]: Adding TaskbandHWND prop to hwnd 13500610
2026-03-01 01:15:45,665 [DEBUG] [SystrayMonitor] [systray_widget/systray_monitor.py:246]: Finding real tray hwnd
2026-03-01 01:15:45,671 [DEBUG] [MainThread] [systray_widget/systray_monitor.py:160]: Sending TaskbarCreated message: 49249
2026-03-01 01:16:07,410 [INFO] [CLIPipeServer] [cli_server/cli_server.py:256]: CLI server received command: reload
2026-03-01 01:16:07,410 [INFO] [CLIPipeServer] [root/controller.py:15]: Reloading Application from CLI...
2026-03-01 01:16:07,515 [INFO] [CLIPipeServer] [cli_server/cli_server.py:114]: Log pipe server stopped
2026-03-01 01:16:07,515 [DEBUG] [CLIPipeServer] [cli_server/cli_server.py:209]: CLI server stopped
2026-03-01 01:16:07,636 [DEBUG] [MainThread] [systray_widget/systray.py:470]: Saving state to disk
2026-03-01 01:16:07,638 [DEBUG] [MainThread] [systray_widget/systray.py:474]: Saving state to C:\Users\ahmadinne\AppData\Local\YASB\systray_state_XILINXINCMIMONITOR5790020029475.json
2026-03-01 01:16:07,640 [DEBUG] [MainThread] [systray_widget/utils.py:97]: Destroying window 13500610
2026-03-01 01:16:07,641 [DEBUG] [MainThread] [systray_widget/utils.py:97]: Destroying window 13500610
2026-03-01 01:16:08,023 [INFO] [MainThread] [root/log.py:95]: YASB v1.9.0
2026-03-01 01:16:08,024 [INFO] [CLIPipeServer] [cli_server/cli_server.py:215]: CLI server started v1.1.6
2026-03-01 01:16:08,024 [INFO] [MainThread] [cli_server/cli_server.py:106]: Log pipe server started
2026-03-01 01:16:08,075 [DEBUG] [MainThread] [qasync._windows._EventPoller/_windows.py:215]: Starting (proactor: <_IocpProactor overlapped#=0 result#=0>)...
2026-03-01 01:16:08,076 [DEBUG] [Dummy-3] [qasync._windows._EventWorker/_windows.py:195]: Thread started
2026-03-01 01:16:08,237 [INFO] [MainThread] [root/service.py:52]: AudioOutputService starting...
2026-03-01 01:16:08,645 [INFO] [MainThread] [root/watcher.py:65]: Watching directory: c:\users\ahmadinne\.config\yasb\menu
2026-03-01 01:16:08,645 [INFO] [MainThread] [root/watcher.py:65]: Watching directory: c:\users\ahmadinne\.config\yasb
2026-03-01 01:16:08,645 [INFO] [MainThread] [root/watcher.py:104]: Created file watcher
2026-03-01 01:16:08,697 [INFO] [MainThread] [root/update_service.py:429]: Background update checker started
2026-03-01 01:16:08,714 [DEBUG] [MainThread] [systray_widget/systray.py:492]: Loading state from C:\Users\ahmadinne\AppData\Local\YASB\systray_state_XILINXINCMIMONITOR5790020029475.json
2026-03-01 01:16:08,716 [DEBUG] [SystrayMonitor] [systray_widget/systray.py:57]: Systray thread is starting...
2026-03-01 01:16:08,743 [DEBUG] [MainThread] [systray_widget/systray.py:243]: Systray thread started
2026-03-01 01:16:08,943 [DEBUG] [SystrayMonitor] [systray_widget/systray_monitor.py:168]: Adding TaskbandHWND prop to hwnd 852828
2026-03-01 01:16:08,946 [DEBUG] [SystrayMonitor] [systray_widget/systray_monitor.py:246]: Finding real tray hwnd
2026-03-01 01:16:08,952 [DEBUG] [MainThread] [systray_widget/systray_monitor.py:160]: Sending TaskbarCreated message: 49249
2026-03-01 01:16:37,014 [INFO] [CLIPipeServer] [cli_server/cli_server.py:256]: CLI server received command: reload
2026-03-01 01:16:37,015 [INFO] [CLIPipeServer] [root/controller.py:15]: Reloading Application from CLI...
2026-03-01 01:16:37,117 [INFO] [CLIPipeServer] [cli_server/cli_server.py:114]: Log pipe server stopped
2026-03-01 01:16:37,117 [DEBUG] [CLIPipeServer] [cli_server/cli_server.py:209]: CLI server stopped
2026-03-01 01:16:37,221 [DEBUG] [MainThread] [systray_widget/systray.py:470]: Saving state to disk
2026-03-01 01:16:37,222 [DEBUG] [MainThread] [systray_widget/systray.py:474]: Saving state to C:\Users\ahmadinne\AppData\Local\YASB\systray_state_XILINXINCMIMONITOR5790020029475.json
2026-03-01 01:16:37,224 [DEBUG] [MainThread] [systray_widget/utils.py:97]: Destroying window 852828
2026-03-01 01:16:37,225 [DEBUG] [MainThread] [systray_widget/utils.py:97]: Destroying window 852828
2026-03-01 01:16:37,577 [INFO] [MainThread] [root/log.py:95]: YASB v1.9.0
2026-03-01 01:16:37,578 [INFO] [CLIPipeServer] [cli_server/cli_server.py:215]: CLI server started v1.1.6
2026-03-01 01:16:37,578 [INFO] [MainThread] [cli_server/cli_server.py:106]: Log pipe server started
2026-03-01 01:16:37,620 [DEBUG] [MainThread] [qasync._windows._EventPoller/_windows.py:215]: Starting (proactor: <_IocpProactor overlapped#=0 result#=0>)...
2026-03-01 01:16:37,621 [DEBUG] [Dummy-3] [qasync._windows._EventWorker/_windows.py:195]: Thread started
2026-03-01 01:16:37,756 [INFO] [MainThread] [root/service.py:52]: AudioOutputService starting...
2026-03-01 01:16:38,131 [INFO] [MainThread] [root/watcher.py:65]: Watching directory: c:\users\ahmadinne\.config\yasb
2026-03-01 01:16:38,133 [INFO] [MainThread] [root/watcher.py:65]: Watching directory: c:\users\ahmadinne\.config\yasb\menu
2026-03-01 01:16:38,133 [INFO] [MainThread] [root/watcher.py:104]: Created file watcher
2026-03-01 01:16:38,159 [INFO] [MainThread] [root/update_service.py:429]: Background update checker started
2026-03-01 01:16:38,172 [DEBUG] [MainThread] [systray_widget/systray.py:492]: Loading state from C:\Users\ahmadinne\AppData\Local\YASB\systray_state_XILINXINCMIMONITOR5790020029475.json
2026-03-01 01:16:38,174 [DEBUG] [SystrayMonitor] [systray_widget/systray.py:57]: Systray thread is starting...
2026-03-01 01:16:38,202 [DEBUG] [MainThread] [systray_widget/systray.py:243]: Systray thread started
2026-03-01 01:16:38,402 [DEBUG] [SystrayMonitor] [systray_widget/systray_monitor.py:168]: Adding TaskbandHWND prop to hwnd 5964844
2026-03-01 01:16:38,405 [DEBUG] [SystrayMonitor] [systray_widget/systray_monitor.py:246]: Finding real tray hwnd
2026-03-01 01:16:38,409 [DEBUG] [MainThread] [systray_widget/systray_monitor.py:160]: Sending TaskbarCreated message: 49249
2026-03-01 01:16:44,978 [INFO] [CLIPipeServer] [cli_server/cli_server.py:256]: CLI server received command: reload
2026-03-01 01:16:44,979 [INFO] [CLIPipeServer] [root/controller.py:15]: Reloading Application from CLI...
2026-03-01 01:16:45,085 [INFO] [CLIPipeServer] [cli_server/cli_server.py:114]: Log pipe server stopped
2026-03-01 01:16:45,085 [DEBUG] [CLIPipeServer] [cli_server/cli_server.py:209]: CLI server stopped
2026-03-01 01:16:45,198 [DEBUG] [MainThread] [systray_widget/systray.py:470]: Saving state to disk
2026-03-01 01:16:45,199 [DEBUG] [MainThread] [systray_widget/systray.py:474]: Saving state to C:\Users\ahmadinne\AppData\Local\YASB\systray_state_XILINXINCMIMONITOR5790020029475.json
2026-03-01 01:16:45,201 [DEBUG] [MainThread] [systray_widget/utils.py:97]: Destroying window 5964844
2026-03-01 01:16:45,201 [DEBUG] [MainThread] [systray_widget/utils.py:97]: Destroying window 5964844
2026-03-01 01:16:45,551 [INFO] [MainThread] [root/log.py:95]: YASB v1.9.0
2026-03-01 01:16:45,552 [INFO] [CLIPipeServer] [cli_server/cli_server.py:215]: CLI server started v1.1.6
2026-03-01 01:16:45,552 [INFO] [MainThread] [cli_server/cli_server.py:106]: Log pipe server started
2026-03-01 01:16:45,593 [DEBUG] [MainThread] [qasync._windows._EventPoller/_windows.py:215]: Starting (proactor: <_IocpProactor overlapped#=0 result#=0>)...
2026-03-01 01:16:45,594 [DEBUG] [Dummy-3] [qasync._windows._EventWorker/_windows.py:195]: Thread started
2026-03-01 01:16:45,728 [INFO] [MainThread] [root/service.py:52]: AudioOutputService starting...
2026-03-01 01:16:46,077 [INFO] [MainThread] [root/watcher.py:65]: Watching directory: c:\users\ahmadinne\.config\yasb
2026-03-01 01:16:46,077 [INFO] [MainThread] [root/watcher.py:65]: Watching directory: c:\users\ahmadinne\.config\yasb\menu
2026-03-01 01:16:46,077 [INFO] [MainThread] [root/watcher.py:104]: Created file watcher
2026-03-01 01:16:46,100 [INFO] [MainThread] [root/update_service.py:429]: Background update checker started
2026-03-01 01:16:46,113 [DEBUG] [MainThread] [systray_widget/systray.py:492]: Loading state from C:\Users\ahmadinne\AppData\Local\YASB\systray_state_XILINXINCMIMONITOR5790020029475.json
2026-03-01 01:16:46,115 [DEBUG] [SystrayMonitor] [systray_widget/systray.py:57]: Systray thread is starting...
2026-03-01 01:16:46,138 [DEBUG] [MainThread] [systray_widget/systray.py:243]: Systray thread started
2026-03-01 01:16:46,339 [DEBUG] [SystrayMonitor] [systray_widget/systray_monitor.py:168]: Adding TaskbandHWND prop to hwnd 28313224
2026-03-01 01:16:46,342 [DEBUG] [SystrayMonitor] [systray_widget/systray_monitor.py:246]: Finding real tray hwnd
2026-03-01 01:16:46,351 [DEBUG] [MainThread] [systray_widget/systray_monitor.py:160]: Sending TaskbarCreated message: 49249
2026-03-01 01:25:51,136 [INFO] [CLIPipeServer] [cli_server/cli_server.py:256]: CLI server received command: reload
2026-03-01 01:25:51,137 [INFO] [CLIPipeServer] [root/controller.py:15]: Reloading Application from CLI...
2026-03-01 01:25:51,249 [INFO] [CLIPipeServer] [cli_server/cli_server.py:114]: Log pipe server stopped
2026-03-01 01:25:51,249 [DEBUG] [CLIPipeServer] [cli_server/cli_server.py:209]: CLI server stopped
2026-03-01 01:25:51,334 [DEBUG] [MainThread] [systray_widget/systray.py:470]: Saving state to disk
2026-03-01 01:25:51,335 [DEBUG] [MainThread] [systray_widget/systray.py:474]: Saving state to C:\Users\ahmadinne\AppData\Local\YASB\systray_state_XILINXINCMIMONITOR5790020029475.json
2026-03-01 01:25:51,337 [DEBUG] [MainThread] [systray_widget/utils.py:97]: Destroying window 28313224
2026-03-01 01:25:51,338 [DEBUG] [MainThread] [systray_widget/utils.py:97]: Destroying window 28313224
2026-03-01 01:25:51,669 [INFO] [MainThread] [root/log.py:95]: YASB v1.9.0
2026-03-01 01:25:51,669 [INFO] [CLIPipeServer] [cli_server/cli_server.py:215]: CLI server started v1.1.6
2026-03-01 01:25:51,670 [INFO] [MainThread] [cli_server/cli_server.py:106]: Log pipe server started
2026-03-01 01:25:51,706 [DEBUG] [MainThread] [qasync._windows._EventPoller/_windows.py:215]: Starting (proactor: <_IocpProactor overlapped#=0 result#=0>)...
2026-03-01 01:25:51,707 [DEBUG] [Dummy-3] [qasync._windows._EventWorker/_windows.py:195]: Thread started
2026-03-01 01:25:51,835 [INFO] [MainThread] [root/service.py:52]: AudioOutputService starting...
2026-03-01 01:25:52,183 [INFO] [MainThread] [root/watcher.py:65]: Watching directory: c:\users\ahmadinne\.config\yasb
2026-03-01 01:25:52,183 [INFO] [MainThread] [root/watcher.py:65]: Watching directory: c:\users\ahmadinne\.config\yasb\menu
2026-03-01 01:25:52,183 [INFO] [MainThread] [root/watcher.py:104]: Created file watcher
2026-03-01 01:25:52,206 [INFO] [MainThread] [root/update_service.py:429]: Background update checker started
2026-03-01 01:25:52,224 [DEBUG] [MainThread] [systray_widget/systray.py:492]: Loading state from C:\Users\ahmadinne\AppData\Local\YASB\systray_state_XILINXINCMIMONITOR5790020029475.json
2026-03-01 01:25:52,225 [DEBUG] [SystrayMonitor] [systray_widget/systray.py:57]: Systray thread is starting...
2026-03-01 01:25:52,249 [DEBUG] [MainThread] [systray_widget/systray.py:243]: Systray thread started
2026-03-01 01:25:52,449 [DEBUG] [SystrayMonitor] [systray_widget/systray_monitor.py:168]: Adding TaskbandHWND prop to hwnd 7340916
2026-03-01 01:25:52,453 [DEBUG] [SystrayMonitor] [systray_widget/systray_monitor.py:246]: Finding real tray hwnd
2026-03-01 01:25:52,458 [DEBUG] [MainThread] [systray_widget/systray_monitor.py:160]: Sending TaskbarCreated message: 49249
2026-03-01 01:27:58,830 [INFO] [CLIPipeServer] [cli_server/cli_server.py:256]: CLI server received command: reload
2026-03-01 01:27:58,830 [INFO] [CLIPipeServer] [root/controller.py:15]: Reloading Application from CLI...
2026-03-01 01:27:58,942 [INFO] [CLIPipeServer] [cli_server/cli_server.py:114]: Log pipe server stopped
2026-03-01 01:27:58,943 [DEBUG] [CLIPipeServer] [cli_server/cli_server.py:209]: CLI server stopped
2026-03-01 01:27:59,030 [DEBUG] [MainThread] [systray_widget/systray.py:470]: Saving state to disk
2026-03-01 01:27:59,030 [DEBUG] [MainThread] [systray_widget/systray.py:474]: Saving state to C:\Users\ahmadinne\AppData\Local\YASB\systray_state_XILINXINCMIMONITOR5790020029475.json
2026-03-01 01:27:59,032 [DEBUG] [MainThread] [systray_widget/utils.py:97]: Destroying window 7340916
2026-03-01 01:27:59,032 [DEBUG] [MainThread] [systray_widget/utils.py:97]: Destroying window 7340916
2026-03-01 01:27:59,355 [INFO] [MainThread] [root/log.py:95]: YASB v1.9.0
2026-03-01 01:27:59,356 [INFO] [CLIPipeServer] [cli_server/cli_server.py:215]: CLI server started v1.1.6
2026-03-01 01:27:59,356 [INFO] [MainThread] [cli_server/cli_server.py:106]: Log pipe server started
2026-03-01 01:27:59,398 [DEBUG] [MainThread] [qasync._windows._EventPoller/_windows.py:215]: Starting (proactor: <_IocpProactor overlapped#=0 result#=0>)...
2026-03-01 01:27:59,399 [DEBUG] [Dummy-3] [qasync._windows._EventWorker/_windows.py:195]: Thread started
2026-03-01 01:27:59,538 [INFO] [MainThread] [root/service.py:52]: AudioOutputService starting...
2026-03-01 01:27:59,877 [INFO] [MainThread] [root/watcher.py:65]: Watching directory: c:\users\ahmadinne\.config\yasb\menu
2026-03-01 01:27:59,877 [INFO] [MainThread] [root/watcher.py:65]: Watching directory: c:\users\ahmadinne\.config\yasb
2026-03-01 01:27:59,877 [INFO] [MainThread] [root/watcher.py:104]: Created file watcher
2026-03-01 01:27:59,903 [INFO] [MainThread] [root/update_service.py:429]: Background update checker started
2026-03-01 01:27:59,915 [DEBUG] [MainThread] [systray_widget/systray.py:492]: Loading state from C:\Users\ahmadinne\AppData\Local\YASB\systray_state_XILINXINCMIMONITOR5790020029475.json
2026-03-01 01:27:59,918 [DEBUG] [SystrayMonitor] [systray_widget/systray.py:57]: Systray thread is starting...
2026-03-01 01:27:59,944 [DEBUG] [MainThread] [systray_widget/systray.py:243]: Systray thread started
2026-03-01 01:28:00,145 [DEBUG] [SystrayMonitor] [systray_widget/systray_monitor.py:168]: Adding TaskbandHWND prop to hwnd 6161452
2026-03-01 01:28:00,148 [DEBUG] [SystrayMonitor] [systray_widget/systray_monitor.py:246]: Finding real tray hwnd
2026-03-01 01:28:00,153 [DEBUG] [MainThread] [systray_widget/systray_monitor.py:160]: Sending TaskbarCreated message: 49249
2026-03-01 01:29:02,727 [INFO] [CLIPipeServer] [cli_server/cli_server.py:256]: CLI server received command: reload
2026-03-01 01:29:02,728 [INFO] [CLIPipeServer] [root/controller.py:15]: Reloading Application from CLI...
2026-03-01 01:29:02,835 [INFO] [CLIPipeServer] [cli_server/cli_server.py:114]: Log pipe server stopped
2026-03-01 01:29:02,835 [DEBUG] [CLIPipeServer] [cli_server/cli_server.py:209]: CLI server stopped
2026-03-01 01:29:02,933 [DEBUG] [MainThread] [systray_widget/systray.py:470]: Saving state to disk
2026-03-01 01:29:02,934 [DEBUG] [MainThread] [systray_widget/systray.py:474]: Saving state to C:\Users\ahmadinne\AppData\Local\YASB\systray_state_XILINXINCMIMONITOR5790020029475.json
2026-03-01 01:29:02,935 [DEBUG] [MainThread] [systray_widget/utils.py:97]: Destroying window 6161452
2026-03-01 01:29:02,936 [DEBUG] [MainThread] [systray_widget/utils.py:97]: Destroying window 6161452
2026-03-01 01:29:03,268 [INFO] [MainThread] [root/log.py:95]: YASB v1.9.0
2026-03-01 01:29:03,269 [INFO] [CLIPipeServer] [cli_server/cli_server.py:215]: CLI server started v1.1.6
2026-03-01 01:29:03,269 [INFO] [MainThread] [cli_server/cli_server.py:106]: Log pipe server started
2026-03-01 01:29:03,309 [DEBUG] [MainThread] [qasync._windows._EventPoller/_windows.py:215]: Starting (proactor: <_IocpProactor overlapped#=0 result#=0>)...
2026-03-01 01:29:03,310 [DEBUG] [Dummy-3] [qasync._windows._EventWorker/_windows.py:195]: Thread started
2026-03-01 01:29:03,451 [INFO] [MainThread] [root/service.py:52]: AudioOutputService starting...
2026-03-01 01:29:03,835 [INFO] [MainThread] [root/watcher.py:65]: Watching directory: c:\users\ahmadinne\.config\yasb\menu
2026-03-01 01:29:03,835 [INFO] [MainThread] [root/watcher.py:65]: Watching directory: c:\users\ahmadinne\.config\yasb
2026-03-01 01:29:03,835 [INFO] [MainThread] [root/watcher.py:104]: Created file watcher
2026-03-01 01:29:03,858 [INFO] [MainThread] [root/update_service.py:429]: Background update checker started
2026-03-01 01:29:03,871 [DEBUG] [MainThread] [systray_widget/systray.py:492]: Loading state from C:\Users\ahmadinne\AppData\Local\YASB\systray_state_XILINXINCMIMONITOR5790020029475.json
2026-03-01 01:29:03,873 [DEBUG] [SystrayMonitor] [systray_widget/systray.py:57]: Systray thread is starting...
2026-03-01 01:29:03,899 [DEBUG] [MainThread] [systray_widget/systray.py:243]: Systray thread started
2026-03-01 01:29:04,101 [DEBUG] [SystrayMonitor] [systray_widget/systray_monitor.py:168]: Adding TaskbandHWND prop to hwnd 5046422
2026-03-01 01:29:04,104 [DEBUG] [SystrayMonitor] [systray_widget/systray_monitor.py:246]: Finding real tray hwnd
2026-03-01 01:29:04,109 [DEBUG] [MainThread] [systray_widget/systray_monitor.py:160]: Sending TaskbarCreated message: 49249
2026-03-01 01:29:42,420 [INFO] [CLIPipeServer] [cli_server/cli_server.py:256]: CLI server received command: reload
2026-03-01 01:29:42,421 [INFO] [CLIPipeServer] [root/controller.py:15]: Reloading Application from CLI...
2026-03-01 01:29:42,531 [INFO] [CLIPipeServer] [cli_server/cli_server.py:114]: Log pipe server stopped
2026-03-01 01:29:42,531 [DEBUG] [CLIPipeServer] [cli_server/cli_server.py:209]: CLI server stopped
2026-03-01 01:29:42,623 [DEBUG] [MainThread] [systray_widget/systray.py:470]: Saving state to disk
2026-03-01 01:29:42,624 [DEBUG] [MainThread] [systray_widget/systray.py:474]: Saving state to C:\Users\ahmadinne\AppData\Local\YASB\systray_state_XILINXINCMIMONITOR5790020029475.json
2026-03-01 01:29:42,625 [DEBUG] [MainThread] [systray_widget/utils.py:97]: Destroying window 5046422
2026-03-01 01:29:42,626 [DEBUG] [MainThread] [systray_widget/utils.py:97]: Destroying window 5046422
2026-03-01 01:29:42,960 [INFO] [MainThread] [root/log.py:95]: YASB v1.9.0
2026-03-01 01:29:42,960 [INFO] [CLIPipeServer] [cli_server/cli_server.py:215]: CLI server started v1.1.6
2026-03-01 01:29:42,961 [INFO] [MainThread] [cli_server/cli_server.py:106]: Log pipe server started
2026-03-01 01:29:42,996 [DEBUG] [MainThread] [qasync._windows._EventPoller/_windows.py:215]: Starting (proactor: <_IocpProactor overlapped#=0 result#=0>)...
2026-03-01 01:29:42,996 [DEBUG] [Dummy-3] [qasync._windows._EventWorker/_windows.py:195]: Thread started
2026-03-01 01:29:43,131 [INFO] [MainThread] [root/service.py:52]: AudioOutputService starting...
2026-03-01 01:29:43,484 [INFO] [MainThread] [root/watcher.py:65]: Watching directory: c:\users\ahmadinne\.config\yasb\menu
2026-03-01 01:29:43,484 [INFO] [MainThread] [root/watcher.py:65]: Watching directory: c:\users\ahmadinne\.config\yasb
2026-03-01 01:29:43,484 [INFO] [MainThread] [root/watcher.py:104]: Created file watcher
2026-03-01 01:29:43,512 [INFO] [MainThread] [root/update_service.py:429]: Background update checker started
2026-03-01 01:29:43,529 [DEBUG] [MainThread] [systray_widget/systray.py:492]: Loading state from C:\Users\ahmadinne\AppData\Local\YASB\systray_state_XILINXINCMIMONITOR5790020029475.json
2026-03-01 01:29:43,531 [DEBUG] [SystrayMonitor] [systray_widget/systray.py:57]: Systray thread is starting...
2026-03-01 01:29:43,561 [DEBUG] [MainThread] [systray_widget/systray.py:243]: Systray thread started
2026-03-01 01:29:43,762 [DEBUG] [SystrayMonitor] [systray_widget/systray_monitor.py:168]: Adding TaskbandHWND prop to hwnd 5572358
2026-03-01 01:29:43,765 [DEBUG] [SystrayMonitor] [systray_widget/systray_monitor.py:246]: Finding real tray hwnd
2026-03-01 01:29:43,772 [DEBUG] [MainThread] [systray_widget/systray_monitor.py:160]: Sending TaskbarCreated message: 49249
2026-03-01 01:30:09,599 [INFO] [CLIPipeServer] [cli_server/cli_server.py:256]: CLI server received command: reload
2026-03-01 01:30:09,599 [INFO] [CLIPipeServer] [root/controller.py:15]: Reloading Application from CLI...
2026-03-01 01:30:09,705 [INFO] [CLIPipeServer] [cli_server/cli_server.py:114]: Log pipe server stopped
2026-03-01 01:30:09,705 [DEBUG] [CLIPipeServer] [cli_server/cli_server.py:209]: CLI server stopped
2026-03-01 01:30:09,790 [DEBUG] [MainThread] [systray_widget/systray.py:470]: Saving state to disk
2026-03-01 01:30:09,791 [DEBUG] [MainThread] [systray_widget/systray.py:474]: Saving state to C:\Users\ahmadinne\AppData\Local\YASB\systray_state_XILINXINCMIMONITOR5790020029475.json
2026-03-01 01:30:09,793 [DEBUG] [MainThread] [systray_widget/utils.py:97]: Destroying window 5572358
2026-03-01 01:30:09,793 [DEBUG] [MainThread] [systray_widget/utils.py:97]: Destroying window 5572358
2026-03-01 01:30:10,120 [INFO] [MainThread] [root/log.py:95]: YASB v1.9.0
2026-03-01 01:30:10,120 [INFO] [CLIPipeServer] [cli_server/cli_server.py:215]: CLI server started v1.1.6
2026-03-01 01:30:10,121 [INFO] [MainThread] [cli_server/cli_server.py:106]: Log pipe server started
2026-03-01 01:30:10,156 [DEBUG] [MainThread] [qasync._windows._EventPoller/_windows.py:215]: Starting (proactor: <_IocpProactor overlapped#=0 result#=0>)...
2026-03-01 01:30:10,156 [DEBUG] [Dummy-3] [qasync._windows._EventWorker/_windows.py:195]: Thread started
2026-03-01 01:30:10,294 [INFO] [MainThread] [root/service.py:52]: AudioOutputService starting...
2026-03-01 01:30:10,652 [INFO] [MainThread] [root/watcher.py:65]: Watching directory: c:\users\ahmadinne\.config\yasb
2026-03-01 01:30:10,652 [INFO] [MainThread] [root/watcher.py:65]: Watching directory: c:\users\ahmadinne\.config\yasb\menu
2026-03-01 01:30:10,652 [INFO] [MainThread] [root/watcher.py:104]: Created file watcher
2026-03-01 01:30:10,676 [INFO] [MainThread] [root/update_service.py:429]: Background update checker started
2026-03-01 01:30:10,689 [DEBUG] [MainThread] [systray_widget/systray.py:492]: Loading state from C:\Users\ahmadinne\AppData\Local\YASB\systray_state_XILINXINCMIMONITOR5790020029475.json
2026-03-01 01:30:10,690 [DEBUG] [SystrayMonitor] [systray_widget/systray.py:57]: Systray thread is starting...
2026-03-01 01:30:10,722 [DEBUG] [MainThread] [systray_widget/systray.py:243]: Systray thread started
2026-03-01 01:30:10,923 [DEBUG] [SystrayMonitor] [systray_widget/systray_monitor.py:168]: Adding TaskbandHWND prop to hwnd 6358060
2026-03-01 01:30:10,926 [DEBUG] [SystrayMonitor] [systray_widget/systray_monitor.py:246]: Finding real tray hwnd
2026-03-01 01:30:10,934 [DEBUG] [MainThread] [systray_widget/systray_monitor.py:160]: Sending TaskbarCreated message: 49249
2026-03-01 01:34:12,013 [INFO] [CLIPipeServer] [cli_server/cli_server.py:256]: CLI server received command: reload
2026-03-01 01:34:12,013 [INFO] [CLIPipeServer] [root/controller.py:15]: Reloading Application from CLI...
2026-03-01 01:34:12,114 [INFO] [CLIPipeServer] [cli_server/cli_server.py:114]: Log pipe server stopped
2026-03-01 01:34:12,115 [DEBUG] [CLIPipeServer] [cli_server/cli_server.py:209]: CLI server stopped
2026-03-01 01:34:12,171 [DEBUG] [MainThread] [systray_widget/systray.py:470]: Saving state to disk
2026-03-01 01:34:12,172 [DEBUG] [MainThread] [systray_widget/systray.py:474]: Saving state to C:\Users\ahmadinne\AppData\Local\YASB\systray_state_XILINXINCMIMONITOR5790020029475.json
2026-03-01 01:34:12,173 [DEBUG] [MainThread] [systray_widget/utils.py:97]: Destroying window 6358060
2026-03-01 01:34:12,174 [DEBUG] [MainThread] [systray_widget/utils.py:97]: Destroying window 6358060
2026-03-01 01:34:12,529 [INFO] [MainThread] [root/log.py:95]: YASB v1.9.0
2026-03-01 01:34:12,530 [INFO] [CLIPipeServer] [cli_server/cli_server.py:215]: CLI server started v1.1.6
2026-03-01 01:34:12,530 [INFO] [MainThread] [cli_server/cli_server.py:106]: Log pipe server started
2026-03-01 01:34:12,565 [DEBUG] [MainThread] [qasync._windows._EventPoller/_windows.py:215]: Starting (proactor: <_IocpProactor overlapped#=0 result#=0>)...
2026-03-01 01:34:12,566 [DEBUG] [Dummy-3] [qasync._windows._EventWorker/_windows.py:195]: Thread started
2026-03-01 01:34:12,705 [INFO] [MainThread] [root/service.py:52]: AudioOutputService starting...
2026-03-01 01:34:13,064 [INFO] [MainThread] [root/watcher.py:65]: Watching directory: c:\users\ahmadinne\.config\yasb\menu
2026-03-01 01:34:13,065 [INFO] [MainThread] [root/watcher.py:65]: Watching directory: c:\users\ahmadinne\.config\yasb
2026-03-01 01:34:13,065 [INFO] [MainThread] [root/watcher.py:104]: Created file watcher
2026-03-01 01:34:13,106 [INFO] [MainThread] [root/update_service.py:429]: Background update checker started
2026-03-01 01:34:13,126 [DEBUG] [MainThread] [systray_widget/systray.py:492]: Loading state from C:\Users\ahmadinne\AppData\Local\YASB\systray_state_XILINXINCMIMONITOR5790020029475.json
2026-03-01 01:34:13,128 [DEBUG] [SystrayMonitor] [systray_widget/systray.py:57]: Systray thread is starting...
2026-03-01 01:34:13,162 [DEBUG] [MainThread] [systray_widget/systray.py:243]: Systray thread started
2026-03-01 01:34:13,365 [DEBUG] [SystrayMonitor] [systray_widget/systray_monitor.py:168]: Adding TaskbandHWND prop to hwnd 6751560
2026-03-01 01:34:13,372 [DEBUG] [SystrayMonitor] [systray_widget/systray_monitor.py:246]: Finding real tray hwnd
2026-03-01 01:34:13,377 [DEBUG] [MainThread] [systray_widget/systray_monitor.py:160]: Sending TaskbarCreated message: 49249
2026-03-01 01:34:32,316 [INFO] [CLIPipeServer] [cli_server/cli_server.py:256]: CLI server received command: reload
2026-03-01 01:34:32,318 [INFO] [CLIPipeServer] [root/controller.py:15]: Reloading Application from CLI...
2026-03-01 01:34:32,427 [INFO] [CLIPipeServer] [cli_server/cli_server.py:114]: Log pipe server stopped
2026-03-01 01:34:32,427 [DEBUG] [CLIPipeServer] [cli_server/cli_server.py:209]: CLI server stopped
2026-03-01 01:34:32,506 [DEBUG] [MainThread] [systray_widget/systray.py:470]: Saving state to disk
2026-03-01 01:34:32,507 [DEBUG] [MainThread] [systray_widget/systray.py:474]: Saving state to C:\Users\ahmadinne\AppData\Local\YASB\systray_state_XILINXINCMIMONITOR5790020029475.json
2026-03-01 01:34:32,509 [DEBUG] [MainThread] [systray_widget/utils.py:97]: Destroying window 6751560
2026-03-01 01:34:32,510 [DEBUG] [MainThread] [systray_widget/utils.py:97]: Destroying window 6751560
2026-03-01 01:34:32,881 [INFO] [MainThread] [root/log.py:95]: YASB v1.9.0
2026-03-01 01:34:32,881 [INFO] [CLIPipeServer] [cli_server/cli_server.py:215]: CLI server started v1.1.6
2026-03-01 01:34:32,881 [INFO] [MainThread] [cli_server/cli_server.py:106]: Log pipe server started
2026-03-01 01:34:32,917 [DEBUG] [MainThread] [qasync._windows._EventPoller/_windows.py:215]: Starting (proactor: <_IocpProactor overlapped#=0 result#=0>)...
2026-03-01 01:34:32,917 [DEBUG] [Dummy-3] [qasync._windows._EventWorker/_windows.py:195]: Thread started
2026-03-01 01:34:33,056 [INFO] [MainThread] [root/service.py:52]: AudioOutputService starting...
2026-03-01 01:34:33,499 [INFO] [MainThread] [root/watcher.py:65]: Watching directory: c:\users\ahmadinne\.config\yasb\menu
2026-03-01 01:34:33,499 [INFO] [MainThread] [root/watcher.py:65]: Watching directory: c:\users\ahmadinne\.config\yasb
2026-03-01 01:34:33,499 [INFO] [MainThread] [root/watcher.py:104]: Created file watcher
2026-03-01 01:34:33,523 [INFO] [MainThread] [root/update_service.py:429]: Background update checker started
2026-03-01 01:34:33,545 [DEBUG] [MainThread] [systray_widget/systray.py:492]: Loading state from C:\Users\ahmadinne\AppData\Local\YASB\systray_state_XILINXINCMIMONITOR5790020029475.json
2026-03-01 01:34:33,546 [DEBUG] [SystrayMonitor] [systray_widget/systray.py:57]: Systray thread is starting...
2026-03-01 01:34:33,578 [DEBUG] [MainThread] [systray_widget/systray.py:243]: Systray thread started
2026-03-01 01:34:33,780 [DEBUG] [SystrayMonitor] [systray_widget/systray_monitor.py:168]: Adding TaskbandHWND prop to hwnd 7734132
2026-03-01 01:34:33,786 [DEBUG] [SystrayMonitor] [systray_widget/systray_monitor.py:246]: Finding real tray hwnd
2026-03-01 01:34:33,791 [DEBUG] [MainThread] [systray_widget/systray_monitor.py:160]: Sending TaskbarCreated message: 49249
2026-03-01 01:35:23,376 [INFO] [CLIPipeServer] [cli_server/cli_server.py:256]: CLI server received command: reload
2026-03-01 01:35:23,376 [INFO] [CLIPipeServer] [root/controller.py:15]: Reloading Application from CLI...
2026-03-01 01:35:23,483 [INFO] [CLIPipeServer] [cli_server/cli_server.py:114]: Log pipe server stopped
2026-03-01 01:35:23,484 [DEBUG] [CLIPipeServer] [cli_server/cli_server.py:209]: CLI server stopped
2026-03-01 01:35:23,544 [DEBUG] [MainThread] [systray_widget/systray.py:470]: Saving state to disk
2026-03-01 01:35:23,545 [DEBUG] [MainThread] [systray_widget/systray.py:474]: Saving state to C:\Users\ahmadinne\AppData\Local\YASB\systray_state_XILINXINCMIMONITOR5790020029475.json
2026-03-01 01:35:23,546 [DEBUG] [MainThread] [systray_widget/utils.py:97]: Destroying window 7734132
2026-03-01 01:35:23,547 [DEBUG] [MainThread] [systray_widget/utils.py:97]: Destroying window 7734132
2026-03-01 01:35:23,915 [INFO] [MainThread] [root/log.py:95]: YASB v1.9.0
2026-03-01 01:35:23,916 [INFO] [CLIPipeServer] [cli_server/cli_server.py:215]: CLI server started v1.1.6
2026-03-01 01:35:23,916 [INFO] [MainThread] [cli_server/cli_server.py:106]: Log pipe server started
2026-03-01 01:35:23,954 [DEBUG] [MainThread] [qasync._windows._EventPoller/_windows.py:215]: Starting (proactor: <_IocpProactor overlapped#=0 result#=0>)...
2026-03-01 01:35:23,955 [DEBUG] [Dummy-3] [qasync._windows._EventWorker/_windows.py:195]: Thread started
2026-03-01 01:35:24,086 [INFO] [MainThread] [root/service.py:52]: AudioOutputService starting...
2026-03-01 01:35:24,503 [INFO] [MainThread] [root/watcher.py:65]: Watching directory: c:\users\ahmadinne\.config\yasb\menu
2026-03-01 01:35:24,503 [INFO] [MainThread] [root/watcher.py:65]: Watching directory: c:\users\ahmadinne\.config\yasb
2026-03-01 01:35:24,503 [INFO] [MainThread] [root/watcher.py:104]: Created file watcher
2026-03-01 01:35:24,527 [INFO] [MainThread] [root/update_service.py:429]: Background update checker started
2026-03-01 01:35:24,540 [DEBUG] [MainThread] [systray_widget/systray.py:492]: Loading state from C:\Users\ahmadinne\AppData\Local\YASB\systray_state_XILINXINCMIMONITOR5790020029475.json
2026-03-01 01:35:24,542 [DEBUG] [SystrayMonitor] [systray_widget/systray.py:57]: Systray thread is starting...
2026-03-01 01:35:24,573 [DEBUG] [MainThread] [systray_widget/systray.py:243]: Systray thread started
2026-03-01 01:35:24,774 [DEBUG] [SystrayMonitor] [systray_widget/systray_monitor.py:168]: Adding TaskbandHWND prop to hwnd 2622672
2026-03-01 01:35:24,777 [DEBUG] [SystrayMonitor] [systray_widget/systray_monitor.py:246]: Finding real tray hwnd
2026-03-01 01:35:24,782 [DEBUG] [MainThread] [systray_widget/systray_monitor.py:160]: Sending TaskbarCreated message: 49249
2026-03-01 01:36:18,753 [INFO] [CLIPipeServer] [cli_server/cli_server.py:256]: CLI server received command: reload
2026-03-01 01:36:18,754 [INFO] [CLIPipeServer] [root/controller.py:15]: Reloading Application from CLI...
2026-03-01 01:36:18,866 [INFO] [CLIPipeServer] [cli_server/cli_server.py:114]: Log pipe server stopped
2026-03-01 01:36:18,867 [DEBUG] [CLIPipeServer] [cli_server/cli_server.py:209]: CLI server stopped
2026-03-01 01:36:18,913 [DEBUG] [MainThread] [systray_widget/systray.py:470]: Saving state to disk
2026-03-01 01:36:18,915 [DEBUG] [MainThread] [systray_widget/systray.py:474]: Saving state to C:\Users\ahmadinne\AppData\Local\YASB\systray_state_XILINXINCMIMONITOR5790020029475.json
2026-03-01 01:36:18,916 [DEBUG] [MainThread] [systray_widget/utils.py:97]: Destroying window 2622672
2026-03-01 01:36:18,917 [DEBUG] [MainThread] [systray_widget/utils.py:97]: Destroying window 2622672
2026-03-01 01:36:19,269 [INFO] [MainThread] [root/log.py:95]: YASB v1.9.0
2026-03-01 01:36:19,270 [INFO] [CLIPipeServer] [cli_server/cli_server.py:215]: CLI server started v1.1.6
2026-03-01 01:36:19,270 [INFO] [MainThread] [cli_server/cli_server.py:106]: Log pipe server started
2026-03-01 01:36:19,307 [DEBUG] [MainThread] [qasync._windows._EventPoller/_windows.py:215]: Starting (proactor: <_IocpProactor overlapped#=0 result#=0>)...
2026-03-01 01:36:19,307 [DEBUG] [Dummy-3] [qasync._windows._EventWorker/_windows.py:195]: Thread started
2026-03-01 01:36:19,439 [INFO] [MainThread] [root/service.py:52]: AudioOutputService starting...
2026-03-01 01:36:19,856 [INFO] [MainThread] [root/watcher.py:65]: Watching directory: c:\users\ahmadinne\.config\yasb
2026-03-01 01:36:19,856 [INFO] [MainThread] [root/watcher.py:65]: Watching directory: c:\users\ahmadinne\.config\yasb\menu
2026-03-01 01:36:19,857 [INFO] [MainThread] [root/watcher.py:104]: Created file watcher
2026-03-01 01:36:19,881 [INFO] [MainThread] [root/update_service.py:429]: Background update checker started
2026-03-01 01:36:19,896 [DEBUG] [MainThread] [systray_widget/systray.py:492]: Loading state from C:\Users\ahmadinne\AppData\Local\YASB\systray_state_XILINXINCMIMONITOR5790020029475.json
2026-03-01 01:36:19,897 [DEBUG] [SystrayMonitor] [systray_widget/systray.py:57]: Systray thread is starting...
2026-03-01 01:36:19,929 [DEBUG] [MainThread] [systray_widget/systray.py:243]: Systray thread started
2026-03-01 01:36:20,130 [DEBUG] [SystrayMonitor] [systray_widget/systray_monitor.py:168]: Adding TaskbandHWND prop to hwnd 6948168
2026-03-01 01:36:20,135 [DEBUG] [SystrayMonitor] [systray_widget/systray_monitor.py:246]: Finding real tray hwnd
2026-03-01 01:36:20,140 [DEBUG] [MainThread] [systray_widget/systray_monitor.py:160]: Sending TaskbarCreated message: 49249
2026-03-01 01:37:15,807 [INFO] [CLIPipeServer] [cli_server/cli_server.py:256]: CLI server received command: reload
2026-03-01 01:37:15,808 [INFO] [CLIPipeServer] [root/controller.py:15]: Reloading Application from CLI...
2026-03-01 01:37:15,911 [INFO] [CLIPipeServer] [cli_server/cli_server.py:114]: Log pipe server stopped
2026-03-01 01:37:15,911 [DEBUG] [CLIPipeServer] [cli_server/cli_server.py:209]: CLI server stopped
2026-03-01 01:37:16,011 [DEBUG] [MainThread] [systray_widget/systray.py:470]: Saving state to disk
2026-03-01 01:37:16,012 [DEBUG] [MainThread] [systray_widget/systray.py:474]: Saving state to C:\Users\ahmadinne\AppData\Local\YASB\systray_state_XILINXINCMIMONITOR5790020029475.json
2026-03-01 01:37:16,014 [DEBUG] [MainThread] [systray_widget/utils.py:97]: Destroying window 6948168
2026-03-01 01:37:16,015 [DEBUG] [MainThread] [systray_widget/utils.py:97]: Destroying window 6948168
2026-03-01 01:37:16,373 [INFO] [MainThread] [root/log.py:95]: YASB v1.9.0
2026-03-01 01:37:16,374 [INFO] [CLIPipeServer] [cli_server/cli_server.py:215]: CLI server started v1.1.6
2026-03-01 01:37:16,374 [INFO] [MainThread] [cli_server/cli_server.py:106]: Log pipe server started
2026-03-01 01:37:16,420 [DEBUG] [MainThread] [qasync._windows._EventPoller/_windows.py:215]: Starting (proactor: <_IocpProactor overlapped#=0 result#=0>)...
2026-03-01 01:37:16,421 [DEBUG] [Dummy-3] [qasync._windows._EventWorker/_windows.py:195]: Thread started
2026-03-01 01:37:16,552 [INFO] [MainThread] [root/service.py:52]: AudioOutputService starting...
2026-03-01 01:37:16,923 [INFO] [MainThread] [root/watcher.py:65]: Watching directory: c:\users\ahmadinne\.config\yasb
2026-03-01 01:37:16,923 [INFO] [MainThread] [root/watcher.py:65]: Watching directory: c:\users\ahmadinne\.config\yasb\menu
2026-03-01 01:37:16,923 [INFO] [MainThread] [root/watcher.py:104]: Created file watcher
2026-03-01 01:37:16,954 [INFO] [MainThread] [root/update_service.py:429]: Background update checker started
2026-03-01 01:37:16,972 [DEBUG] [MainThread] [systray_widget/systray.py:492]: Loading state from C:\Users\ahmadinne\AppData\Local\YASB\systray_state_XILINXINCMIMONITOR5790020029475.json
2026-03-01 01:37:16,975 [DEBUG] [SystrayMonitor] [systray_widget/systray.py:57]: Systray thread is starting...
2026-03-01 01:37:17,005 [DEBUG] [MainThread] [systray_widget/systray.py:243]: Systray thread started
2026-03-01 01:37:17,206 [DEBUG] [SystrayMonitor] [systray_widget/systray_monitor.py:168]: Adding TaskbandHWND prop to hwnd 1508784
2026-03-01 01:37:17,209 [DEBUG] [SystrayMonitor] [systray_widget/systray_monitor.py:246]: Finding real tray hwnd
2026-03-01 01:37:17,214 [DEBUG] [MainThread] [systray_widget/systray_monitor.py:160]: Sending TaskbarCreated message: 49249
2026-03-01 01:43:51,086 [INFO] [CLIPipeServer] [cli_server/cli_server.py:256]: CLI server received command: reload
2026-03-01 01:43:51,087 [INFO] [CLIPipeServer] [root/controller.py:15]: Reloading Application from CLI...
2026-03-01 01:43:51,195 [INFO] [CLIPipeServer] [cli_server/cli_server.py:114]: Log pipe server stopped
2026-03-01 01:43:51,195 [DEBUG] [CLIPipeServer] [cli_server/cli_server.py:209]: CLI server stopped
2026-03-01 01:43:51,324 [DEBUG] [MainThread] [systray_widget/systray.py:470]: Saving state to disk
2026-03-01 01:43:51,324 [DEBUG] [MainThread] [systray_widget/systray.py:474]: Saving state to C:\Users\ahmadinne\AppData\Local\YASB\systray_state_XILINXINCMIMONITOR5790020029475.json
2026-03-01 01:43:51,329 [DEBUG] [MainThread] [systray_widget/utils.py:97]: Destroying window 1508784
2026-03-01 01:43:51,329 [DEBUG] [MainThread] [systray_widget/utils.py:97]: Destroying window 1508784
2026-03-01 01:43:51,693 [INFO] [MainThread] [root/log.py:95]: YASB v1.9.0
2026-03-01 01:43:51,694 [INFO] [CLIPipeServer] [cli_server/cli_server.py:215]: CLI server started v1.1.6
2026-03-01 01:43:51,694 [INFO] [MainThread] [cli_server/cli_server.py:106]: Log pipe server started
2026-03-01 01:43:51,735 [DEBUG] [MainThread] [qasync._windows._EventPoller/_windows.py:215]: Starting (proactor: <_IocpProactor overlapped#=0 result#=0>)...
2026-03-01 01:43:51,736 [DEBUG] [Dummy-3] [qasync._windows._EventWorker/_windows.py:195]: Thread started
2026-03-01 01:43:51,873 [INFO] [MainThread] [root/service.py:52]: AudioOutputService starting...
2026-03-01 01:43:52,240 [INFO] [MainThread] [root/watcher.py:65]: Watching directory: c:\users\ahmadinne\.config\yasb\menu
2026-03-01 01:43:52,240 [INFO] [MainThread] [root/watcher.py:65]: Watching directory: c:\users\ahmadinne\.config\yasb
2026-03-01 01:43:52,240 [INFO] [MainThread] [root/watcher.py:104]: Created file watcher
2026-03-01 01:43:52,264 [INFO] [MainThread] [root/update_service.py:429]: Background update checker started
2026-03-01 01:43:52,282 [DEBUG] [MainThread] [systray_widget/systray.py:492]: Loading state from C:\Users\ahmadinne\AppData\Local\YASB\systray_state_XILINXINCMIMONITOR5790020029475.json
2026-03-01 01:43:52,284 [DEBUG] [SystrayMonitor] [systray_widget/systray.py:57]: Systray thread is starting...
2026-03-01 01:43:52,311 [DEBUG] [MainThread] [systray_widget/systray.py:243]: Systray thread started
2026-03-01 01:43:52,513 [DEBUG] [SystrayMonitor] [systray_widget/systray_monitor.py:168]: Adding TaskbandHWND prop to hwnd 525842
2026-03-01 01:43:52,516 [DEBUG] [SystrayMonitor] [systray_widget/systray_monitor.py:246]: Finding real tray hwnd
2026-03-01 01:43:52,520 [DEBUG] [MainThread] [systray_widget/systray_monitor.py:160]: Sending TaskbarCreated message: 49249
2026-03-01 01:44:25,794 [INFO] [CLIPipeServer] [cli_server/cli_server.py:256]: CLI server received command: reload
2026-03-01 01:44:25,795 [INFO] [CLIPipeServer] [root/controller.py:15]: Reloading Application from CLI...
2026-03-01 01:44:25,906 [INFO] [CLIPipeServer] [cli_server/cli_server.py:114]: Log pipe server stopped
2026-03-01 01:44:25,907 [DEBUG] [CLIPipeServer] [cli_server/cli_server.py:209]: CLI server stopped
2026-03-01 01:44:26,038 [DEBUG] [MainThread] [systray_widget/systray.py:470]: Saving state to disk
2026-03-01 01:44:26,039 [DEBUG] [MainThread] [systray_widget/systray.py:474]: Saving state to C:\Users\ahmadinne\AppData\Local\YASB\systray_state_XILINXINCMIMONITOR5790020029475.json
2026-03-01 01:44:26,041 [DEBUG] [MainThread] [systray_widget/utils.py:97]: Destroying window 525842
2026-03-01 01:44:26,041 [DEBUG] [MainThread] [systray_widget/utils.py:97]: Destroying window 525842
2026-03-01 01:44:26,356 [INFO] [MainThread] [root/log.py:95]: YASB v1.9.0
2026-03-01 01:44:26,356 [INFO] [CLIPipeServer] [cli_server/cli_server.py:215]: CLI server started v1.1.6
2026-03-01 01:44:26,357 [INFO] [MainThread] [cli_server/cli_server.py:106]: Log pipe server started
2026-03-01 01:44:26,391 [DEBUG] [MainThread] [qasync._windows._EventPoller/_windows.py:215]: Starting (proactor: <_IocpProactor overlapped#=0 result#=0>)...
2026-03-01 01:44:26,392 [DEBUG] [Dummy-3] [qasync._windows._EventWorker/_windows.py:195]: Thread started
2026-03-01 01:44:26,521 [INFO] [MainThread] [root/service.py:52]: AudioOutputService starting...
2026-03-01 01:44:26,938 [INFO] [MainThread] [root/watcher.py:65]: Watching directory: c:\users\ahmadinne\.config\yasb\menu
2026-03-01 01:44:26,939 [INFO] [MainThread] [root/watcher.py:65]: Watching directory: c:\users\ahmadinne\.config\yasb
2026-03-01 01:44:26,939 [INFO] [MainThread] [root/watcher.py:104]: Created file watcher
2026-03-01 01:44:26,964 [INFO] [MainThread] [root/update_service.py:429]: Background update checker started
2026-03-01 01:44:26,980 [DEBUG] [MainThread] [systray_widget/systray.py:492]: Loading state from C:\Users\ahmadinne\AppData\Local\YASB\systray_state_XILINXINCMIMONITOR5790020029475.json
2026-03-01 01:44:26,981 [DEBUG] [SystrayMonitor] [systray_widget/systray.py:57]: Systray thread is starting...
2026-03-01 01:44:27,012 [DEBUG] [MainThread] [systray_widget/systray.py:243]: Systray thread started
2026-03-01 01:44:27,213 [DEBUG] [SystrayMonitor] [systray_widget/systray_monitor.py:168]: Adding TaskbandHWND prop to hwnd 460224
2026-03-01 01:44:27,215 [DEBUG] [SystrayMonitor] [systray_widget/systray_monitor.py:246]: Finding real tray hwnd
2026-03-01 01:44:27,221 [DEBUG] [MainThread] [systray_widget/systray_monitor.py:160]: Sending TaskbarCreated message: 49249
2026-03-01 01:45:21,418 [INFO] [CLIPipeServer] [cli_server/cli_server.py:256]: CLI server received command: reload
2026-03-01 01:45:21,419 [INFO] [CLIPipeServer] [root/controller.py:15]: Reloading Application from CLI...
2026-03-01 01:45:21,544 [INFO] [CLIPipeServer] [cli_server/cli_server.py:114]: Log pipe server stopped
2026-03-01 01:45:21,544 [DEBUG] [CLIPipeServer] [cli_server/cli_server.py:209]: CLI server stopped
2026-03-01 01:45:21,644 [DEBUG] [MainThread] [systray_widget/systray.py:470]: Saving state to disk
2026-03-01 01:45:21,646 [DEBUG] [MainThread] [systray_widget/systray.py:474]: Saving state to C:\Users\ahmadinne\AppData\Local\YASB\systray_state_XILINXINCMIMONITOR5790020029475.json
2026-03-01 01:45:21,649 [DEBUG] [MainThread] [systray_widget/utils.py:97]: Destroying window 460224
2026-03-01 01:45:21,649 [DEBUG] [MainThread] [systray_widget/utils.py:97]: Destroying window 460224
2026-03-01 01:45:22,006 [INFO] [MainThread] [root/log.py:95]: YASB v1.9.0
2026-03-01 01:45:22,007 [INFO] [CLIPipeServer] [cli_server/cli_server.py:215]: CLI server started v1.1.6
2026-03-01 01:45:22,008 [INFO] [MainThread] [cli_server/cli_server.py:106]: Log pipe server started
2026-03-01 01:45:22,048 [DEBUG] [MainThread] [qasync._windows._EventPoller/_windows.py:215]: Starting (proactor: <_IocpProactor overlapped#=0 result#=0>)...
2026-03-01 01:45:22,048 [DEBUG] [Dummy-3] [qasync._windows._EventWorker/_windows.py:195]: Thread started
2026-03-01 01:45:22,185 [INFO] [MainThread] [root/service.py:52]: AudioOutputService starting...
2026-03-01 01:45:22,552 [INFO] [MainThread] [root/watcher.py:65]: Watching directory: c:\users\ahmadinne\.config\yasb
2026-03-01 01:45:22,552 [INFO] [MainThread] [root/watcher.py:65]: Watching directory: c:\users\ahmadinne\.config\yasb\menu
2026-03-01 01:45:22,552 [INFO] [MainThread] [root/watcher.py:104]: Created file watcher
2026-03-01 01:45:22,575 [INFO] [MainThread] [root/update_service.py:429]: Background update checker started
2026-03-01 01:45:22,588 [DEBUG] [MainThread] [systray_widget/systray.py:492]: Loading state from C:\Users\ahmadinne\AppData\Local\YASB\systray_state_XILINXINCMIMONITOR5790020029475.json
2026-03-01 01:45:22,590 [DEBUG] [SystrayMonitor] [systray_widget/systray.py:57]: Systray thread is starting...
2026-03-01 01:45:22,620 [DEBUG] [MainThread] [systray_widget/systray.py:243]: Systray thread started
2026-03-01 01:45:22,821 [DEBUG] [SystrayMonitor] [systray_widget/systray_monitor.py:168]: Adding TaskbandHWND prop to hwnd 787988
2026-03-01 01:45:22,824 [DEBUG] [SystrayMonitor] [systray_widget/systray_monitor.py:246]: Finding real tray hwnd
2026-03-01 01:45:22,829 [DEBUG] [MainThread] [systray_widget/systray_monitor.py:160]: Sending TaskbarCreated message: 49249
2026-03-01 01:48:24,183 [INFO] [CLIPipeServer] [cli_server/cli_server.py:256]: CLI server received command: reload
2026-03-01 01:48:24,184 [INFO] [CLIPipeServer] [root/controller.py:15]: Reloading Application from CLI...
2026-03-01 01:48:24,286 [INFO] [CLIPipeServer] [cli_server/cli_server.py:114]: Log pipe server stopped
2026-03-01 01:48:24,287 [DEBUG] [CLIPipeServer] [cli_server/cli_server.py:209]: CLI server stopped
2026-03-01 01:48:24,409 [DEBUG] [MainThread] [systray_widget/systray.py:470]: Saving state to disk
2026-03-01 01:48:24,410 [DEBUG] [MainThread] [systray_widget/systray.py:474]: Saving state to C:\Users\ahmadinne\AppData\Local\YASB\systray_state_XILINXINCMIMONITOR5790020029475.json
2026-03-01 01:48:24,412 [DEBUG] [MainThread] [systray_widget/utils.py:97]: Destroying window 787988
2026-03-01 01:48:24,412 [DEBUG] [MainThread] [systray_widget/utils.py:97]: Destroying window 787988
2026-03-01 01:48:24,736 [INFO] [MainThread] [root/log.py:95]: YASB v1.9.0
2026-03-01 01:48:24,736 [INFO] [CLIPipeServer] [cli_server/cli_server.py:215]: CLI server started v1.1.6
2026-03-01 01:48:24,737 [INFO] [MainThread] [cli_server/cli_server.py:106]: Log pipe server started
2026-03-01 01:48:24,773 [DEBUG] [MainThread] [qasync._windows._EventPoller/_windows.py:215]: Starting (proactor: <_IocpProactor overlapped#=0 result#=0>)...
2026-03-01 01:48:24,774 [DEBUG] [Dummy-3] [qasync._windows._EventWorker/_windows.py:195]: Thread started
2026-03-01 01:48:24,916 [INFO] [MainThread] [root/service.py:52]: AudioOutputService starting...
2026-03-01 01:48:25,322 [INFO] [MainThread] [root/watcher.py:65]: Watching directory: c:\users\ahmadinne\.config\yasb
2026-03-01 01:48:25,322 [INFO] [MainThread] [root/watcher.py:65]: Watching directory: c:\users\ahmadinne\.config\yasb\menu
2026-03-01 01:48:25,322 [INFO] [MainThread] [root/watcher.py:104]: Created file watcher
2026-03-01 01:48:25,347 [INFO] [MainThread] [root/update_service.py:429]: Background update checker started
2026-03-01 01:48:25,365 [DEBUG] [MainThread] [systray_widget/systray.py:492]: Loading state from C:\Users\ahmadinne\AppData\Local\YASB\systray_state_XILINXINCMIMONITOR5790020029475.json
2026-03-01 01:48:25,366 [DEBUG] [SystrayMonitor] [systray_widget/systray.py:57]: Systray thread is starting...
2026-03-01 01:48:25,391 [DEBUG] [MainThread] [systray_widget/systray.py:243]: Systray thread started
2026-03-01 01:48:25,593 [DEBUG] [SystrayMonitor] [systray_widget/systray_monitor.py:168]: Adding TaskbandHWND prop to hwnd 2950476
2026-03-01 01:48:25,596 [DEBUG] [SystrayMonitor] [systray_widget/systray_monitor.py:246]: Finding real tray hwnd
2026-03-01 01:48:25,601 [DEBUG] [MainThread] [systray_widget/systray_monitor.py:160]: Sending TaskbarCreated message: 49249
2026-03-01 01:48:56,073 [INFO] [CLIPipeServer] [cli_server/cli_server.py:256]: CLI server received command: reload
2026-03-01 01:48:56,074 [INFO] [CLIPipeServer] [root/controller.py:15]: Reloading Application from CLI...
2026-03-01 01:48:56,182 [INFO] [CLIPipeServer] [cli_server/cli_server.py:114]: Log pipe server stopped
2026-03-01 01:48:56,182 [DEBUG] [CLIPipeServer] [cli_server/cli_server.py:209]: CLI server stopped
2026-03-01 01:48:56,315 [DEBUG] [MainThread] [systray_widget/systray.py:470]: Saving state to disk
2026-03-01 01:48:56,315 [DEBUG] [MainThread] [systray_widget/systray.py:474]: Saving state to C:\Users\ahmadinne\AppData\Local\YASB\systray_state_XILINXINCMIMONITOR5790020029475.json
2026-03-01 01:48:56,317 [DEBUG] [MainThread] [systray_widget/utils.py:97]: Destroying window 2950476
2026-03-01 01:48:56,318 [DEBUG] [MainThread] [systray_widget/utils.py:97]: Destroying window 2950476
2026-03-01 01:48:56,679 [INFO] [MainThread] [root/log.py:95]: YASB v1.9.0
2026-03-01 01:48:56,680 [INFO] [CLIPipeServer] [cli_server/cli_server.py:215]: CLI server started v1.1.6
2026-03-01 01:48:56,680 [INFO] [MainThread] [cli_server/cli_server.py:106]: Log pipe server started
2026-03-01 01:48:56,724 [DEBUG] [MainThread] [qasync._windows._EventPoller/_windows.py:215]: Starting (proactor: <_IocpProactor overlapped#=0 result#=0>)...
2026-03-01 01:48:56,725 [DEBUG] [Dummy-3] [qasync._windows._EventWorker/_windows.py:195]: Thread started
2026-03-01 01:48:56,871 [INFO] [MainThread] [root/service.py:52]: AudioOutputService starting...
2026-03-01 01:48:57,225 [INFO] [MainThread] [root/watcher.py:65]: Watching directory: c:\users\ahmadinne\.config\yasb\menu
2026-03-01 01:48:57,226 [INFO] [MainThread] [root/watcher.py:65]: Watching directory: c:\users\ahmadinne\.config\yasb
2026-03-01 01:48:57,226 [INFO] [MainThread] [root/watcher.py:104]: Created file watcher
2026-03-01 01:48:57,249 [INFO] [MainThread] [root/update_service.py:429]: Background update checker started
2026-03-01 01:48:57,262 [DEBUG] [MainThread] [systray_widget/systray.py:492]: Loading state from C:\Users\ahmadinne\AppData\Local\YASB\systray_state_XILINXINCMIMONITOR5790020029475.json
2026-03-01 01:48:57,264 [DEBUG] [SystrayMonitor] [systray_widget/systray.py:57]: Systray thread is starting...
2026-03-01 01:48:57,286 [DEBUG] [MainThread] [systray_widget/systray.py:243]: Systray thread started
2026-03-01 01:48:57,488 [DEBUG] [SystrayMonitor] [systray_widget/systray_monitor.py:168]: Adding TaskbandHWND prop to hwnd 10159696
2026-03-01 01:48:57,491 [DEBUG] [SystrayMonitor] [systray_widget/systray_monitor.py:246]: Finding real tray hwnd
2026-03-01 01:48:57,498 [DEBUG] [MainThread] [systray_widget/systray_monitor.py:160]: Sending TaskbarCreated message: 49249
2026-03-01 01:49:47,495 [INFO] [CLIPipeServer] [cli_server/cli_server.py:256]: CLI server received command: reload
2026-03-01 01:49:47,497 [INFO] [CLIPipeServer] [root/controller.py:15]: Reloading Application from CLI...
2026-03-01 01:49:47,605 [INFO] [CLIPipeServer] [cli_server/cli_server.py:114]: Log pipe server stopped
2026-03-01 01:49:47,605 [DEBUG] [CLIPipeServer] [cli_server/cli_server.py:209]: CLI server stopped
2026-03-01 01:49:47,740 [DEBUG] [MainThread] [systray_widget/systray.py:470]: Saving state to disk
2026-03-01 01:49:47,741 [DEBUG] [MainThread] [systray_widget/systray.py:474]: Saving state to C:\Users\ahmadinne\AppData\Local\YASB\systray_state_XILINXINCMIMONITOR5790020029475.json
2026-03-01 01:49:47,743 [DEBUG] [MainThread] [systray_widget/utils.py:97]: Destroying window 10159696
2026-03-01 01:49:47,743 [DEBUG] [MainThread] [systray_widget/utils.py:97]: Destroying window 10159696
2026-03-01 01:49:48,078 [INFO] [MainThread] [root/log.py:95]: YASB v1.9.0
2026-03-01 01:49:48,078 [INFO] [CLIPipeServer] [cli_server/cli_server.py:215]: CLI server started v1.1.6
2026-03-01 01:49:48,078 [INFO] [MainThread] [cli_server/cli_server.py:106]: Log pipe server started
2026-03-01 01:49:48,115 [DEBUG] [MainThread] [qasync._windows._EventPoller/_windows.py:215]: Starting (proactor: <_IocpProactor overlapped#=0 result#=0>)...
2026-03-01 01:49:48,116 [DEBUG] [Dummy-3] [qasync._windows._EventWorker/_windows.py:195]: Thread started
2026-03-01 01:49:48,249 [INFO] [MainThread] [root/service.py:52]: AudioOutputService starting...
2026-03-01 01:49:48,638 [INFO] [MainThread] [root/watcher.py:65]: Watching directory: c:\users\ahmadinne\.config\yasb
2026-03-01 01:49:48,638 [INFO] [MainThread] [root/watcher.py:65]: Watching directory: c:\users\ahmadinne\.config\yasb\menu
2026-03-01 01:49:48,639 [INFO] [MainThread] [root/watcher.py:104]: Created file watcher
2026-03-01 01:49:48,664 [INFO] [MainThread] [root/update_service.py:429]: Background update checker started
2026-03-01 01:49:48,684 [DEBUG] [MainThread] [systray_widget/systray.py:492]: Loading state from C:\Users\ahmadinne\AppData\Local\YASB\systray_state_XILINXINCMIMONITOR5790020029475.json
2026-03-01 01:49:48,686 [DEBUG] [SystrayMonitor] [systray_widget/systray.py:57]: Systray thread is starting...
2026-03-01 01:49:48,724 [DEBUG] [MainThread] [systray_widget/systray.py:243]: Systray thread started
2026-03-01 01:49:48,930 [DEBUG] [SystrayMonitor] [systray_widget/systray_monitor.py:168]: Adding TaskbandHWND prop to hwnd 10487022
2026-03-01 01:49:48,935 [DEBUG] [SystrayMonitor] [systray_widget/systray_monitor.py:246]: Finding real tray hwnd
2026-03-01 01:49:48,941 [DEBUG] [MainThread] [systray_widget/systray_monitor.py:160]: Sending TaskbarCreated message: 49249
2026-03-01 01:52:18,275 [INFO] [CLIPipeServer] [cli_server/cli_server.py:256]: CLI server received command: reload
2026-03-01 01:52:18,276 [INFO] [CLIPipeServer] [root/controller.py:15]: Reloading Application from CLI...
2026-03-01 01:52:18,389 [INFO] [CLIPipeServer] [cli_server/cli_server.py:114]: Log pipe server stopped
2026-03-01 01:52:18,390 [DEBUG] [CLIPipeServer] [cli_server/cli_server.py:209]: CLI server stopped
2026-03-01 01:52:18,491 [DEBUG] [MainThread] [systray_widget/systray.py:470]: Saving state to disk
2026-03-01 01:52:18,492 [DEBUG] [MainThread] [systray_widget/systray.py:474]: Saving state to C:\Users\ahmadinne\AppData\Local\YASB\systray_state_XILINXINCMIMONITOR5790020029475.json
2026-03-01 01:52:18,494 [DEBUG] [MainThread] [systray_widget/utils.py:97]: Destroying window 10487022
2026-03-01 01:52:18,494 [DEBUG] [MainThread] [systray_widget/utils.py:97]: Destroying window 10487022
2026-03-01 01:52:18,831 [INFO] [MainThread] [root/log.py:95]: YASB v1.9.0
2026-03-01 01:52:18,831 [INFO] [CLIPipeServer] [cli_server/cli_server.py:215]: CLI server started v1.1.6
2026-03-01 01:52:18,832 [INFO] [MainThread] [cli_server/cli_server.py:106]: Log pipe server started
2026-03-01 01:52:18,866 [DEBUG] [MainThread] [qasync._windows._EventPoller/_windows.py:215]: Starting (proactor: <_IocpProactor overlapped#=0 result#=0>)...
2026-03-01 01:52:18,867 [DEBUG] [Dummy-3] [qasync._windows._EventWorker/_windows.py:195]: Thread started
2026-03-01 01:52:18,997 [INFO] [MainThread] [root/service.py:52]: AudioOutputService starting...
2026-03-01 01:52:19,368 [INFO] [MainThread] [root/watcher.py:65]: Watching directory: c:\users\ahmadinne\.config\yasb\menu
2026-03-01 01:52:19,369 [INFO] [MainThread] [root/watcher.py:65]: Watching directory: c:\users\ahmadinne\.config\yasb
2026-03-01 01:52:19,369 [INFO] [MainThread] [root/watcher.py:104]: Created file watcher
2026-03-01 01:52:19,393 [INFO] [MainThread] [root/update_service.py:429]: Background update checker started
2026-03-01 01:52:19,406 [DEBUG] [MainThread] [systray_widget/systray.py:492]: Loading state from C:\Users\ahmadinne\AppData\Local\YASB\systray_state_XILINXINCMIMONITOR5790020029475.json
2026-03-01 01:52:19,408 [DEBUG] [SystrayMonitor] [systray_widget/systray.py:57]: Systray thread is starting...
2026-03-01 01:52:19,437 [DEBUG] [MainThread] [systray_widget/systray.py:243]: Systray thread started
2026-03-01 01:52:19,639 [DEBUG] [SystrayMonitor] [systray_widget/systray_monitor.py:168]: Adding TaskbandHWND prop to hwnd 4982490
2026-03-01 01:52:19,642 [DEBUG] [SystrayMonitor] [systray_widget/systray_monitor.py:246]: Finding real tray hwnd
2026-03-01 01:52:19,647 [DEBUG] [MainThread] [systray_widget/systray_monitor.py:160]: Sending TaskbarCreated message: 49249
2026-03-01 01:52:33,501 [INFO] [CLIPipeServer] [cli_server/cli_server.py:256]: CLI server received command: reload
2026-03-01 01:52:33,501 [INFO] [CLIPipeServer] [root/controller.py:15]: Reloading Application from CLI...
2026-03-01 01:52:33,615 [INFO] [CLIPipeServer] [cli_server/cli_server.py:114]: Log pipe server stopped
2026-03-01 01:52:33,616 [DEBUG] [CLIPipeServer] [cli_server/cli_server.py:209]: CLI server stopped
2026-03-01 01:52:33,711 [DEBUG] [MainThread] [systray_widget/systray.py:470]: Saving state to disk
2026-03-01 01:52:33,712 [DEBUG] [MainThread] [systray_widget/systray.py:474]: Saving state to C:\Users\ahmadinne\AppData\Local\YASB\systray_state_XILINXINCMIMONITOR5790020029475.json
2026-03-01 01:52:33,713 [DEBUG] [MainThread] [systray_widget/utils.py:97]: Destroying window 4982490
2026-03-01 01:52:33,714 [DEBUG] [MainThread] [systray_widget/utils.py:97]: Destroying window 4982490
2026-03-01 01:52:34,053 [INFO] [MainThread] [root/log.py:95]: YASB v1.9.0
2026-03-01 01:52:34,053 [INFO] [CLIPipeServer] [cli_server/cli_server.py:215]: CLI server started v1.1.6
2026-03-01 01:52:34,054 [INFO] [MainThread] [cli_server/cli_server.py:106]: Log pipe server started
2026-03-01 01:52:34,092 [DEBUG] [MainThread] [qasync._windows._EventPoller/_windows.py:215]: Starting (proactor: <_IocpProactor overlapped#=0 result#=0>)...
2026-03-01 01:52:34,093 [DEBUG] [Dummy-3] [qasync._windows._EventWorker/_windows.py:195]: Thread started
2026-03-01 01:52:34,223 [INFO] [MainThread] [root/service.py:52]: AudioOutputService starting...
2026-03-01 01:52:34,603 [INFO] [MainThread] [root/watcher.py:65]: Watching directory: c:\users\ahmadinne\.config\yasb\menu
2026-03-01 01:52:34,604 [INFO] [MainThread] [root/watcher.py:65]: Watching directory: c:\users\ahmadinne\.config\yasb
2026-03-01 01:52:34,604 [INFO] [MainThread] [root/watcher.py:104]: Created file watcher
2026-03-01 01:52:34,627 [INFO] [MainThread] [root/update_service.py:429]: Background update checker started
2026-03-01 01:52:34,642 [DEBUG] [MainThread] [systray_widget/systray.py:492]: Loading state from C:\Users\ahmadinne\AppData\Local\YASB\systray_state_XILINXINCMIMONITOR5790020029475.json
2026-03-01 01:52:34,644 [DEBUG] [SystrayMonitor] [systray_widget/systray.py:57]: Systray thread is starting...
2026-03-01 01:52:34,668 [DEBUG] [MainThread] [systray_widget/systray.py:243]: Systray thread started
2026-03-01 01:52:34,869 [DEBUG] [SystrayMonitor] [systray_widget/systray_monitor.py:168]: Adding TaskbandHWND prop to hwnd 29492872
2026-03-01 01:52:34,871 [DEBUG] [SystrayMonitor] [systray_widget/systray_monitor.py:246]: Finding real tray hwnd
2026-03-01 01:52:34,877 [DEBUG] [MainThread] [systray_widget/systray_monitor.py:160]: Sending TaskbarCreated message: 49249
2026-03-01 01:58:55,835 [INFO] [CLIPipeServer] [cli_server/cli_server.py:256]: CLI server received command: reload
2026-03-01 01:58:55,836 [INFO] [CLIPipeServer] [root/controller.py:15]: Reloading Application from CLI...
2026-03-01 01:58:55,943 [INFO] [CLIPipeServer] [cli_server/cli_server.py:114]: Log pipe server stopped
2026-03-01 01:58:55,943 [DEBUG] [CLIPipeServer] [cli_server/cli_server.py:209]: CLI server stopped
2026-03-01 01:58:56,053 [DEBUG] [MainThread] [systray_widget/systray.py:470]: Saving state to disk
2026-03-01 01:58:56,054 [DEBUG] [MainThread] [systray_widget/systray.py:474]: Saving state to C:\Users\ahmadinne\AppData\Local\YASB\systray_state_XILINXINCMIMONITOR5790020029475.json
2026-03-01 01:58:56,056 [DEBUG] [MainThread] [systray_widget/utils.py:97]: Destroying window 29492872
2026-03-01 01:58:56,057 [DEBUG] [MainThread] [systray_widget/utils.py:97]: Destroying window 29492872
2026-03-01 01:58:56,409 [INFO] [MainThread] [root/log.py:95]: YASB v1.9.0
2026-03-01 01:58:56,410 [INFO] [CLIPipeServer] [cli_server/cli_server.py:215]: CLI server started v1.1.6
2026-03-01 01:58:56,410 [INFO] [MainThread] [cli_server/cli_server.py:106]: Log pipe server started
2026-03-01 01:58:56,450 [DEBUG] [MainThread] [qasync._windows._EventPoller/_windows.py:215]: Starting (proactor: <_IocpProactor overlapped#=0 result#=0>)...
2026-03-01 01:58:56,451 [DEBUG] [Dummy-3] [qasync._windows._EventWorker/_windows.py:195]: Thread started
2026-03-01 01:58:56,586 [INFO] [MainThread] [root/service.py:52]: AudioOutputService starting...
2026-03-01 01:58:56,955 [INFO] [MainThread] [root/watcher.py:65]: Watching directory: c:\users\ahmadinne\.config\yasb
2026-03-01 01:58:56,956 [INFO] [MainThread] [root/watcher.py:65]: Watching directory: c:\users\ahmadinne\.config\yasb\menu
2026-03-01 01:58:56,956 [INFO] [MainThread] [root/watcher.py:104]: Created file watcher
2026-03-01 01:58:56,983 [INFO] [MainThread] [root/update_service.py:429]: Background update checker started
2026-03-01 01:58:56,996 [DEBUG] [MainThread] [systray_widget/systray.py:492]: Loading state from C:\Users\ahmadinne\AppData\Local\YASB\systray_state_XILINXINCMIMONITOR5790020029475.json
2026-03-01 01:58:56,998 [DEBUG] [SystrayMonitor] [systray_widget/systray.py:57]: Systray thread is starting...
2026-03-01 01:58:57,027 [DEBUG] [MainThread] [systray_widget/systray.py:243]: Systray thread started
2026-03-01 01:58:57,227 [DEBUG] [SystrayMonitor] [systray_widget/systray_monitor.py:168]: Adding TaskbandHWND prop to hwnd 10683630
2026-03-01 01:58:57,231 [DEBUG] [SystrayMonitor] [systray_widget/systray_monitor.py:246]: Finding real tray hwnd
2026-03-01 01:58:57,237 [DEBUG] [MainThread] [systray_widget/systray_monitor.py:160]: Sending TaskbarCreated message: 49249
2026-03-01 02:02:37,848 [INFO] [CLIPipeServer] [cli_server/cli_server.py:256]: CLI server received command: reload
2026-03-01 02:02:37,849 [INFO] [CLIPipeServer] [root/controller.py:15]: Reloading Application from CLI...
2026-03-01 02:02:37,962 [INFO] [CLIPipeServer] [cli_server/cli_server.py:114]: Log pipe server stopped
2026-03-01 02:02:37,962 [DEBUG] [CLIPipeServer] [cli_server/cli_server.py:209]: CLI server stopped
2026-03-01 02:02:38,063 [DEBUG] [MainThread] [systray_widget/systray.py:470]: Saving state to disk
2026-03-01 02:02:38,064 [DEBUG] [MainThread] [systray_widget/systray.py:474]: Saving state to C:\Users\ahmadinne\AppData\Local\YASB\systray_state_XILINXINCMIMONITOR5790020029475.json
2026-03-01 02:02:38,066 [DEBUG] [MainThread] [systray_widget/utils.py:97]: Destroying window 10683630
2026-03-01 02:02:38,066 [DEBUG] [MainThread] [systray_widget/utils.py:97]: Destroying window 10683630
2026-03-01 02:02:38,402 [INFO] [MainThread] [root/log.py:95]: YASB v1.9.0
2026-03-01 02:02:38,403 [INFO] [CLIPipeServer] [cli_server/cli_server.py:215]: CLI server started v1.1.6
2026-03-01 02:02:38,403 [INFO] [MainThread] [cli_server/cli_server.py:106]: Log pipe server started
2026-03-01 02:02:38,441 [DEBUG] [MainThread] [qasync._windows._EventPoller/_windows.py:215]: Starting (proactor: <_IocpProactor overlapped#=0 result#=0>)...
2026-03-01 02:02:38,442 [DEBUG] [Dummy-3] [qasync._windows._EventWorker/_windows.py:195]: Thread started
2026-03-01 02:02:38,574 [INFO] [MainThread] [root/service.py:52]: AudioOutputService starting...
2026-03-01 02:02:38,950 [INFO] [MainThread] [root/watcher.py:65]: Watching directory: c:\users\ahmadinne\.config\yasb\menu
2026-03-01 02:02:38,950 [INFO] [MainThread] [root/watcher.py:65]: Watching directory: c:\users\ahmadinne\.config\yasb
2026-03-01 02:02:38,950 [INFO] [MainThread] [root/watcher.py:104]: Created file watcher
2026-03-01 02:02:38,976 [INFO] [MainThread] [root/update_service.py:429]: Background update checker started
2026-03-01 02:02:38,991 [DEBUG] [MainThread] [systray_widget/systray.py:492]: Loading state from C:\Users\ahmadinne\AppData\Local\YASB\systray_state_XILINXINCMIMONITOR5790020029475.json
2026-03-01 02:02:38,993 [DEBUG] [SystrayMonitor] [systray_widget/systray.py:57]: Systray thread is starting...
2026-03-01 02:02:39,024 [DEBUG] [MainThread] [systray_widget/systray.py:243]: Systray thread started
2026-03-01 02:02:39,227 [DEBUG] [SystrayMonitor] [systray_widget/systray_monitor.py:168]: Adding TaskbandHWND prop to hwnd 11273550
2026-03-01 02:02:39,230 [DEBUG] [SystrayMonitor] [systray_widget/systray_monitor.py:246]: Finding real tray hwnd
2026-03-01 02:02:39,236 [DEBUG] [MainThread] [systray_widget/systray_monitor.py:160]: Sending TaskbarCreated message: 49249
